no;id;id + jpg;jenis kelamin init;jenis kelamin
1;005093b2-8c4b-4ed7-91c3-f5f4d50f8d27;\005093b2-8c4b-4ed7-91c3-f5f4d50f8d27.jpg;1;
2;0052554e-069e-4c43-beb0-0885e8f7684e;\0052554e-069e-4c43-beb0-0885e8f7684e.jpg;0;
3;0092b954-1143-4a95-a17b-1edfa6af3b01;\0092b954-1143-4a95-a17b-1edfa6af3b01.jpg;0;
4;009fc28b-fe9b-441d-b8a2-ea8b7ae6ca16;\009fc28b-fe9b-441d-b8a2-ea8b7ae6ca16.jpg;0;
5;00d0e306-06fe-45d8-ae6c-6f83ab8f7810;\00d0e306-06fe-45d8-ae6c-6f83ab8f7810.jpg;1;
6;00f7b619-513e-4e43-bc32-ec49d233e09e;\00f7b619-513e-4e43-bc32-ec49d233e09e.jpg;0;
7;00fe5537-1e84-46b3-ab06-c19d8c914794;\00fe5537-1e84-46b3-ab06-c19d8c914794.jpg;0;
8;0111e4e4-ffbb-427b-b99f-e6162f155051;\0111e4e4-ffbb-427b-b99f-e6162f155051.jpg;0;
9;01122df2-dc9f-4b37-a42c-5b79318a6773;\01122df2-dc9f-4b37-a42c-5b79318a6773.jpg;0;
10;0193230d-b30e-487d-886e-e5bddf06ce69;\0193230d-b30e-487d-886e-e5bddf06ce69.jpg;0;
11;027463b4-9766-448f-89bd-46a94d0a1404;\027463b4-9766-448f-89bd-46a94d0a1404.jpg;0/1;
12;029f5019-24d8-4a1d-9a72-d784a0797d6b;\029f5019-24d8-4a1d-9a72-d784a0797d6b.jpg;1;
13;02c2f469-b0ea-4f37-8cda-fdea8120216f;\02c2f469-b0ea-4f37-8cda-fdea8120216f.jpg;0;
14;02d7a2cf-5782-4b96-9163-edbefcec1669;\02d7a2cf-5782-4b96-9163-edbefcec1669.jpg;0/1;
15;03722cb3-6351-40b5-a5cb-acb6bb0e6640;\03722cb3-6351-40b5-a5cb-acb6bb0e6640.jpg;0;
16;03892369-b6b5-48fc-b52f-a7d39912471d;\03892369-b6b5-48fc-b52f-a7d39912471d.jpg;0/1;
17;039b0174-f6b6-441e-91a0-58da408264e0;\039b0174-f6b6-441e-91a0-58da408264e0.jpg;0;
18;03dc3f2f-a094-452b-b3d5-3a51b58c19c2;\03dc3f2f-a094-452b-b3d5-3a51b58c19c2.jpg;0/1;
19;03f672ec-2b62-4448-81aa-98813df4d3fe;\03f672ec-2b62-4448-81aa-98813df4d3fe.jpg;1;
20;0476a68a-435d-42ee-9074-2dfde14bb281;\0476a68a-435d-42ee-9074-2dfde14bb281.jpg;0;
21;05172e12-70e1-4c8b-b6e7-645f8be13279;\05172e12-70e1-4c8b-b6e7-645f8be13279.jpg;0/1;
22;05554516-00c7-455f-94a1-51e9466cdce6;\05554516-00c7-455f-94a1-51e9466cdce6.jpg;1;
23;056787a3-6ceb-454c-a22d-c0528c9c47f3;\056787a3-6ceb-454c-a22d-c0528c9c47f3.jpg;0;
24;062e0f22-234b-41e3-9ac9-47e74d8c257f;\062e0f22-234b-41e3-9ac9-47e74d8c257f.jpg;0;
25;06544507-f0a2-40e3-8b2f-213a374422f6;\06544507-f0a2-40e3-8b2f-213a374422f6.jpg;1;
26;06740dd0-60be-4893-9d92-10c489c2747e;\06740dd0-60be-4893-9d92-10c489c2747e.jpg;1;
27;06dce419-ddf4-46a2-825e-ec81afdd2891;\06dce419-ddf4-46a2-825e-ec81afdd2891.jpg;1;
28;070bfc21-d964-4ca2-86f0-06c0449c4af5;\070bfc21-d964-4ca2-86f0-06c0449c4af5.jpg;1;
29;072a3121-79f3-4aa6-840e-96d6cfe08bf2;\072a3121-79f3-4aa6-840e-96d6cfe08bf2.jpg;0;
30;0770c5a2-e4ac-41de-a49d-75dd985bd2db;\0770c5a2-e4ac-41de-a49d-75dd985bd2db.jpg;0;
31;077745c0-7719-4310-833c-39d7ff7a7611;\077745c0-7719-4310-833c-39d7ff7a7611.jpg;1;
32;07b381c8-5d7e-4502-9db5-253d5ef9498f;\07b381c8-5d7e-4502-9db5-253d5ef9498f.jpg;0;
33;07d92610-ac8d-444e-8ece-34255ee1f197;\07d92610-ac8d-444e-8ece-34255ee1f197.jpg;1;
34;083cf9d8-5ec0-4702-9136-1328f64c1956;\083cf9d8-5ec0-4702-9136-1328f64c1956.jpg;1;
35;0880e66a-032c-40a4-91d6-01296f32954d;\0880e66a-032c-40a4-91d6-01296f32954d.jpg;1;
36;08886938-b182-46d6-a445-64c78a541d50;\08886938-b182-46d6-a445-64c78a541d50.jpg;0;
37;089c8583-7d64-4545-9464-d9399817b8da;\089c8583-7d64-4545-9464-d9399817b8da.jpg;0;
38;08c6b797-fea1-4edb-bfb1-2e9342f70b2e;\08c6b797-fea1-4edb-bfb1-2e9342f70b2e.jpg;0;
39;09349e8f-47d8-4e5e-9225-8c194b6b683c;\09349e8f-47d8-4e5e-9225-8c194b6b683c.jpg;0;
40;094a78c8-f45b-461f-a698-191c6225840f;\094a78c8-f45b-461f-a698-191c6225840f.jpg;0;
41;0953eb57-eb45-46f3-88b5-794cf955008c;\0953eb57-eb45-46f3-88b5-794cf955008c.jpg;0;
42;09a783fa-fbe8-45dd-8658-720d8a6c030a;\09a783fa-fbe8-45dd-8658-720d8a6c030a.jpg;0;
43;09b6023a-1fba-4f29-b13f-0537b9f00412;\09b6023a-1fba-4f29-b13f-0537b9f00412.jpg;0;
44;09c52a8b-834d-46c9-ac31-b4306e57ae04;\09c52a8b-834d-46c9-ac31-b4306e57ae04.jpg;0;
45;0a4b579b-6f5c-453a-8d4b-389e6fc6ec36;\0a4b579b-6f5c-453a-8d4b-389e6fc6ec36.jpg;0;
46;0a59a0b9-aa41-4f21-bd25-a4a8bdd362c4;\0a59a0b9-aa41-4f21-bd25-a4a8bdd362c4.jpg;1;
47;0b1b8d0e-8a2b-47c5-aa40-f2a452c08413;\0b1b8d0e-8a2b-47c5-aa40-f2a452c08413.jpg;1;
48;0b624c5d-c72d-498f-8e08-fcc01cae7b17;\0b624c5d-c72d-498f-8e08-fcc01cae7b17.jpg;1;
49;0b720867-1809-46c0-9008-5ff77d99dd6f;\0b720867-1809-46c0-9008-5ff77d99dd6f.jpg;0;
50;0bf9b43e-fd13-4ef9-b423-5a3d43fec20f;\0bf9b43e-fd13-4ef9-b423-5a3d43fec20f.jpg;0;
51;0c0d128e-1b0c-45b1-9740-1ad4bb00b203;\0c0d128e-1b0c-45b1-9740-1ad4bb00b203.jpg;0;
52;0c105e15-4a41-4591-920a-6ae54a89ce78;\0c105e15-4a41-4591-920a-6ae54a89ce78.jpg;1;
53;0c841720-7b33-4d4e-a413-14f69afe85ed;\0c841720-7b33-4d4e-a413-14f69afe85ed.jpg;0;
54;0c9ddc23-4225-44f0-9c6e-0d0c6f317530;\0c9ddc23-4225-44f0-9c6e-0d0c6f317530.jpg;0;
55;0db77c32-10cc-4595-84e6-90c37678f518;\0db77c32-10cc-4595-84e6-90c37678f518.jpg;0;
56;0e5902d8-1ea5-4529-9c87-8d537240e63f;\0e5902d8-1ea5-4529-9c87-8d537240e63f.jpg;0/1;
57;0e7fd5dd-b394-4ce2-b22c-1d6a72de13f9;\0e7fd5dd-b394-4ce2-b22c-1d6a72de13f9.jpg;0;
58;0e86fa4a-6e3c-4253-803a-c0ede7ec03d6;\0e86fa4a-6e3c-4253-803a-c0ede7ec03d6.jpg;1;
59;0ebc4300-1fe7-44f8-b5ac-99b5f483c82e;\0ebc4300-1fe7-44f8-b5ac-99b5f483c82e.jpg;1;
60;0ed1f17e-c939-409a-8037-2e066a9ccebf;\0ed1f17e-c939-409a-8037-2e066a9ccebf.jpg;1;
61;0efd6ff7-9e4f-4326-af44-7545067cbf0a;\0efd6ff7-9e4f-4326-af44-7545067cbf0a.jpg;1;
62;10305250-4e38-47da-97e9-61ef120bebe1;\10305250-4e38-47da-97e9-61ef120bebe1.jpg;1;
63;10a276a2-a0a6-4b8e-9df9-4de596a6cb10;\10a276a2-a0a6-4b8e-9df9-4de596a6cb10.jpg;1;
64;1125f8aa-1660-45fc-a4b5-3479421fc74c;\1125f8aa-1660-45fc-a4b5-3479421fc74c.jpg;0;
65;116b3ed8-4838-4f22-b592-aa5470abca84;\116b3ed8-4838-4f22-b592-aa5470abca84.jpg;0;
66;116cb5e6-c6af-467b-8a66-030e343a2aa4;\116cb5e6-c6af-467b-8a66-030e343a2aa4.jpg;0;
67;11727669-f61c-4222-9775-b2858f44e245;\11727669-f61c-4222-9775-b2858f44e245.jpg;1;
68;11fbcc76-f088-4791-bdf9-80fda89e9a92;\11fbcc76-f088-4791-bdf9-80fda89e9a92.jpg;0;
69;11fc687e-8c2a-4cea-b80a-4e772c272cff;\11fc687e-8c2a-4cea-b80a-4e772c272cff.jpg;0;
70;1211b58d-1907-41c5-9718-c3db2ca87bae;\1211b58d-1907-41c5-9718-c3db2ca87bae.jpg;0;
71;12761905-1abf-4d92-990e-9fe90972273d;\12761905-1abf-4d92-990e-9fe90972273d.jpg;1;
72;128d2964-ab43-4f8c-8136-5e1f55a4b7ad;\128d2964-ab43-4f8c-8136-5e1f55a4b7ad.jpg;0;
73;12955bff-7a1c-4ef5-b5a5-e25917da0fc4;\12955bff-7a1c-4ef5-b5a5-e25917da0fc4.jpg;0;
74;12bc21b4-eb05-48cf-bc05-fb27f157af5d;\12bc21b4-eb05-48cf-bc05-fb27f157af5d.jpg;0;
75;12f48394-7346-4b42-912b-020d3aeb093f;\12f48394-7346-4b42-912b-020d3aeb093f.jpg;0;
76;13b3de4f-a67b-428b-9455-98aab463cd2c;\13b3de4f-a67b-428b-9455-98aab463cd2c.jpg;0;
77;14006bfb-2fc0-48c5-b498-560bddf7a15f;\14006bfb-2fc0-48c5-b498-560bddf7a15f.jpg;1;
78;1478aa96-9c8e-4d2c-8355-02b3a5e9c346;\1478aa96-9c8e-4d2c-8355-02b3a5e9c346.jpg;0;
79;148e842b-cbe8-4c10-82df-836f70d89097;\148e842b-cbe8-4c10-82df-836f70d89097.jpg;1;
80;1565a3bb-6c93-426f-8b3e-15ea5991e435;\1565a3bb-6c93-426f-8b3e-15ea5991e435.jpg;0;
81;1579e65a-d992-41bb-b389-0f6f75dee6d0;\1579e65a-d992-41bb-b389-0f6f75dee6d0.jpg;0;
82;15e4c334-683e-4ccd-8ae0-51ec90cf341d;\15e4c334-683e-4ccd-8ae0-51ec90cf341d.jpg;0;
83;16195d2b-5961-4114-b471-f9d698857893;\16195d2b-5961-4114-b471-f9d698857893.jpg;0;
84;16f7a2ce-1eca-40b5-a43e-4a5346fa1c47;\16f7a2ce-1eca-40b5-a43e-4a5346fa1c47.jpg;1;
85;17251973-8b9f-4346-8992-94d7811463d4;\17251973-8b9f-4346-8992-94d7811463d4.jpg;0;
86;174e7c7d-6193-438e-803e-773cae1caca0;\174e7c7d-6193-438e-803e-773cae1caca0.jpg;0;
87;1832b7c0-adc8-46d1-ab0c-5c0ea7f8532f;\1832b7c0-adc8-46d1-ab0c-5c0ea7f8532f.jpg;1;
88;183c1328-221d-455e-bffd-0a724fd75ff1;\183c1328-221d-455e-bffd-0a724fd75ff1.jpg;0/0;
89;1840b373-1513-4083-8237-ec20b1c28d05;\1840b373-1513-4083-8237-ec20b1c28d05.jpg;1;
90;18bf851b-0efd-47ab-a8e3-e490b5161036;\18bf851b-0efd-47ab-a8e3-e490b5161036.jpg;0;
91;191099e3-6b46-4a07-b0bd-1ab98b2d9834;\191099e3-6b46-4a07-b0bd-1ab98b2d9834.jpg;0;
92;1918c828-6f4f-4934-bff3-69c13fbd264f;\1918c828-6f4f-4934-bff3-69c13fbd264f.jpg;1;
93;193f4bc5-fa9c-48fd-b9f8-cafff3ad55cb;\193f4bc5-fa9c-48fd-b9f8-cafff3ad55cb.jpg;1;
94;196cf362-ab20-4945-8f9c-a5e2841e3836;\196cf362-ab20-4945-8f9c-a5e2841e3836.jpg;1;
95;1a1c38da-f1f2-4177-bda9-6c308928c5d2;\1a1c38da-f1f2-4177-bda9-6c308928c5d2.jpg;0;
96;1a7c82f3-f6be-4b13-8ddf-4b7d45f0d6cd;\1a7c82f3-f6be-4b13-8ddf-4b7d45f0d6cd.jpg;1;
97;1a8e591c-f663-46ec-8a8f-da024380e16d;\1a8e591c-f663-46ec-8a8f-da024380e16d.jpg;0;
98;1aa64983-5b43-417e-b301-220447560e68;\1aa64983-5b43-417e-b301-220447560e68.jpg;1;
99;1af9a733-2bf0-4f23-944f-2d3a31ac0f2a;\1af9a733-2bf0-4f23-944f-2d3a31ac0f2a.jpg;0;
100;1aff9471-2a02-47dc-bda1-fd10452f1d41;\1aff9471-2a02-47dc-bda1-fd10452f1d41.jpg;0;
101;1b515a2d-36b5-448e-a023-8532d83b5377;\1b515a2d-36b5-448e-a023-8532d83b5377.jpg;1;
102;1b73e7b8-de3d-4124-be6c-9d522c94cb4c;\1b73e7b8-de3d-4124-be6c-9d522c94cb4c.jpg;0;
103;1bb6d506-1a00-4ee8-b82a-3deb69b3c72a;\1bb6d506-1a00-4ee8-b82a-3deb69b3c72a.jpg;0;
104;1c0a9850-e013-4256-afc0-bae636a145dd;\1c0a9850-e013-4256-afc0-bae636a145dd.jpg;1;
105;1d1c6997-d261-429a-9c12-0c28a32c44e9;\1d1c6997-d261-429a-9c12-0c28a32c44e9.jpg;1;
106;1e00cbcc-30d2-436e-92ba-271ec859c4c6;\1e00cbcc-30d2-436e-92ba-271ec859c4c6.jpg;0;
107;1e0eaa4d-4617-4f03-821c-20c121e3d00d;\1e0eaa4d-4617-4f03-821c-20c121e3d00d.jpg;1;
108;1e88f974-8b75-4cf6-a970-189d33d9728e;\1e88f974-8b75-4cf6-a970-189d33d9728e.jpg;0;
109;1ea2609a-78a8-4d00-ab20-290c8b7b6bfa;\1ea2609a-78a8-4d00-ab20-290c8b7b6bfa.jpg;1;
110;1ee8e78a-4706-4171-9518-edb19faa4a89;\1ee8e78a-4706-4171-9518-edb19faa4a89.jpg;0;
111;1f4467db-97a5-42d1-b072-ba61351be6ef;\1f4467db-97a5-42d1-b072-ba61351be6ef.jpg;0;
112;1faa6a4b-e99c-4a88-959f-ce0a780858f0;\1faa6a4b-e99c-4a88-959f-ce0a780858f0.jpg;0;
113;1fd1cbf1-3d81-4e8f-a3e1-d747717fa371;\1fd1cbf1-3d81-4e8f-a3e1-d747717fa371.jpg;0;
114;1fd40328-fd69-4157-8934-e3af00d31d48;\1fd40328-fd69-4157-8934-e3af00d31d48.jpg;1;
115;201d2660-0b63-4768-97aa-8bb04133df43;\201d2660-0b63-4768-97aa-8bb04133df43.jpg;1;
116;20273b6c-e609-42bf-a462-118c0d8a4459;\20273b6c-e609-42bf-a462-118c0d8a4459.jpg;0;
117;20d45621-cf25-4ee7-83f3-e8caba57e58a;\20d45621-cf25-4ee7-83f3-e8caba57e58a.jpg;0;
118;20d5b5dc-01de-46c6-83ab-15e3819999b6;\20d5b5dc-01de-46c6-83ab-15e3819999b6.jpg;0;
119;2115704b-6a2a-479c-8da4-493ee265dbab;\2115704b-6a2a-479c-8da4-493ee265dbab.jpg;1;
120;21af6077-3af4-4405-9c0d-0c23bdcbf408;\21af6077-3af4-4405-9c0d-0c23bdcbf408.jpg;0;
121;21bd3f45-9f87-4410-ad36-1db76c376e34;\21bd3f45-9f87-4410-ad36-1db76c376e34.jpg;0;
122;21cec38c-f1ee-4e09-9a69-bb65d7413962;\21cec38c-f1ee-4e09-9a69-bb65d7413962.jpg;1;
123;220144ff-8aa8-44b2-8542-fdb68a654918;\220144ff-8aa8-44b2-8542-fdb68a654918.jpg;0;
124;229ca9f8-5c62-426b-a245-b933001773ab;\229ca9f8-5c62-426b-a245-b933001773ab.jpg;1;
125;22d88489-9e24-4648-85ac-ff1a1ca96558;\22d88489-9e24-4648-85ac-ff1a1ca96558.jpg;0;
126;22f95567-421a-4b53-bc34-f3409598b66d;\22f95567-421a-4b53-bc34-f3409598b66d.jpg;0;
127;23020070-5cad-4b53-a64c-e8c4dc0b5b10;\23020070-5cad-4b53-a64c-e8c4dc0b5b10.jpg;0;
128;235cfffa-6f94-41ef-902e-7eff2d273bba;\235cfffa-6f94-41ef-902e-7eff2d273bba.jpg;1;
129;239731f1-9c91-450f-9172-af960ece6450;\239731f1-9c91-450f-9172-af960ece6450.jpg;0;
130;23f2dc19-3fba-404d-9f32-5490c5edff60;\23f2dc19-3fba-404d-9f32-5490c5edff60.jpg;0;
131;244f07b7-4e2f-4c94-a3dd-d2486d432279;\244f07b7-4e2f-4c94-a3dd-d2486d432279.jpg;1;
132;24aaa5d4-b7cb-43f7-9f21-e6e81984f524;\24aaa5d4-b7cb-43f7-9f21-e6e81984f524.jpg;0;
133;24d299ef-d9aa-482f-a56b-06e193bb2575;\24d299ef-d9aa-482f-a56b-06e193bb2575.jpg;0;
134;256e3450-97e9-4f00-bb7e-5e069fb3736e;\256e3450-97e9-4f00-bb7e-5e069fb3736e.jpg;1;
135;25814597-fb75-40fa-881f-3ce67dae1c24;\25814597-fb75-40fa-881f-3ce67dae1c24.jpg;0;
136;25e2949a-aaa6-4dec-aee7-9577ee51cec4;\25e2949a-aaa6-4dec-aee7-9577ee51cec4.jpg;0;
137;26caab07-a7b3-4653-a8c8-8a5fb880387d;\26caab07-a7b3-4653-a8c8-8a5fb880387d.jpg;0;
138;274ec327-d4bb-4850-bfcf-9388b158d307;\274ec327-d4bb-4850-bfcf-9388b158d307.jpg;0;
139;278bd540-bf86-410f-82e9-737a89859113;\278bd540-bf86-410f-82e9-737a89859113.jpg;1;
140;27e18203-ce1c-45e4-9fb7-61866d4d1b4c;\27e18203-ce1c-45e4-9fb7-61866d4d1b4c.jpg;1;
141;28384496-d865-4b95-a402-ae74c8cb6229;\28384496-d865-4b95-a402-ae74c8cb6229.jpg;1;
142;28608735-cc46-42c4-9425-ff820295fd76;\28608735-cc46-42c4-9425-ff820295fd76.jpg;1;
143;288b5d2a-305a-4b16-b1b3-d13d69536c8e;\288b5d2a-305a-4b16-b1b3-d13d69536c8e.jpg;1;
144;288b63cc-0fcb-4369-a497-4f0d5924e522;\288b63cc-0fcb-4369-a497-4f0d5924e522.jpg;0;
145;28ac1c7e-1d25-4890-a9a5-f706274c9b5d;\28ac1c7e-1d25-4890-a9a5-f706274c9b5d.jpg;1/0;
146;2909b21f-8862-4def-96a9-adc0d37372bc;\2909b21f-8862-4def-96a9-adc0d37372bc.jpg;1;
147;292521e4-5f98-43ec-8a7a-ccff5ab8466b;\292521e4-5f98-43ec-8a7a-ccff5ab8466b.jpg;0;
148;2945e205-bc40-41a8-a322-6ce7e0db9b28;\2945e205-bc40-41a8-a322-6ce7e0db9b28.jpg;0;
149;29869b6b-7a20-4c18-8f04-d780cf8dd2ba;\29869b6b-7a20-4c18-8f04-d780cf8dd2ba.jpg;0;
150;29d55df9-af61-47b0-aa04-388e1ab8d557;\29d55df9-af61-47b0-aa04-388e1ab8d557.jpg;1;
151;2a30c191-9194-4aac-9ad1-f8f3610ee102;\2a30c191-9194-4aac-9ad1-f8f3610ee102.jpg;1;
152;2a4fab7e-3302-4eb1-8ba8-76bfed5ac9c3;\2a4fab7e-3302-4eb1-8ba8-76bfed5ac9c3.jpg;1;
153;2a5a0dec-6181-46d4-8c58-6e2048a06be4;\2a5a0dec-6181-46d4-8c58-6e2048a06be4.jpg;0;
154;2b13e550-2d56-41e3-8111-1d484e208589;\2b13e550-2d56-41e3-8111-1d484e208589.jpg;0;
155;2b189ea5-bd22-4474-9e0c-d0bc6101e070;\2b189ea5-bd22-4474-9e0c-d0bc6101e070.jpg;1;
156;2b56e95c-7565-4104-b30f-49b5b3b125ff;\2b56e95c-7565-4104-b30f-49b5b3b125ff.jpg;0/0;
157;2b8d80c3-8d49-472d-8821-791d98e6beb2;\2b8d80c3-8d49-472d-8821-791d98e6beb2.jpg;0;
158;2baf6c68-1390-4617-8a19-e22a58e74c07;\2baf6c68-1390-4617-8a19-e22a58e74c07.jpg;0;
159;2bffdc78-51f5-4dea-9dfe-4f5eadfd2ec5;\2bffdc78-51f5-4dea-9dfe-4f5eadfd2ec5.jpg;1;
160;2c10fa59-c0b1-41fa-b4ae-ef474036279c;\2c10fa59-c0b1-41fa-b4ae-ef474036279c.jpg;0;
161;2c18c4f8-4853-41b9-9012-0c605aac34d0;\2c18c4f8-4853-41b9-9012-0c605aac34d0.jpg;1;
162;2c5f597b-cc64-4bef-9718-689333a6c8f6;\2c5f597b-cc64-4bef-9718-689333a6c8f6.jpg;0;
163;2c91e4b1-773e-4ad0-b784-6580bdd3849f;\2c91e4b1-773e-4ad0-b784-6580bdd3849f.jpg;1;
164;2ce645c9-2215-4d02-a995-1874313af9bb;\2ce645c9-2215-4d02-a995-1874313af9bb.jpg;0;
165;2cfb61aa-53bb-44e4-a64f-8430243f8df2;\2cfb61aa-53bb-44e4-a64f-8430243f8df2.jpg;1;
166;2d0b25cf-ea3a-4237-b696-1831e7ec1ef2;\2d0b25cf-ea3a-4237-b696-1831e7ec1ef2.jpg;1;
167;2d486806-57e9-4bf0-b1e5-7c443bb462ef;\2d486806-57e9-4bf0-b1e5-7c443bb462ef.jpg;0;
168;2d896598-a406-40bd-856b-28d68975b3c5;\2d896598-a406-40bd-856b-28d68975b3c5.jpg;0;
169;2da801bc-6198-45c9-9e53-d710672069e1;\2da801bc-6198-45c9-9e53-d710672069e1.jpg;0;
170;2dae50e3-f1c4-4139-8e1b-2066db4ab6a3;\2dae50e3-f1c4-4139-8e1b-2066db4ab6a3.jpg;0;
171;2dcf97f3-9b18-49e7-9999-e06bbada6302;\2dcf97f3-9b18-49e7-9999-e06bbada6302.jpg;0;
172;2df46820-db56-455e-9727-3352c58a473d;\2df46820-db56-455e-9727-3352c58a473d.jpg;0;
173;2e4c7bee-15d6-407c-8bd5-1bd4700f8bd0;\2e4c7bee-15d6-407c-8bd5-1bd4700f8bd0.jpg;0;
174;2e693eae-3438-4dc7-86a2-7665a9ea05cf;\2e693eae-3438-4dc7-86a2-7665a9ea05cf.jpg;1;
175;2e696b7c-60ba-4c12-971a-8bbba37f2e19;\2e696b7c-60ba-4c12-971a-8bbba37f2e19.jpg;1/0;
176;2e98d4b0-946b-48e6-b697-c88fdb6d30c8;\2e98d4b0-946b-48e6-b697-c88fdb6d30c8.jpg;0;
177;2ecad554-3d62-461f-97f3-0670b522a9b1;\2ecad554-3d62-461f-97f3-0670b522a9b1.jpg;1;
178;2f257d80-4546-4cdd-8cf3-653d35095022;\2f257d80-4546-4cdd-8cf3-653d35095022.jpg;0;
179;2f296dc8-c48f-4316-ad49-9f39524b5b20;\2f296dc8-c48f-4316-ad49-9f39524b5b20.jpg;0;
180;2f8b0a5a-7b44-42c6-8632-b62aeaa6f0e8;\2f8b0a5a-7b44-42c6-8632-b62aeaa6f0e8.jpg;1;
181;2f8ba837-41df-4e1e-adb6-76e56749a7b4;\2f8ba837-41df-4e1e-adb6-76e56749a7b4.jpg;0;
182;2fa3244f-80f4-4450-9291-8b48f68c3953;\2fa3244f-80f4-4450-9291-8b48f68c3953.jpg;1;
183;2fc4a1fa-95a7-4bdb-9154-8f3968bd8595;\2fc4a1fa-95a7-4bdb-9154-8f3968bd8595.jpg;0;
184;3006d48c-9cd1-43f9-ae65-bdc7418bc270;\3006d48c-9cd1-43f9-ae65-bdc7418bc270.jpg;1;
185;3056f7de-374e-462a-82dd-59298cdf6817;\3056f7de-374e-462a-82dd-59298cdf6817.jpg;1;
186;30c518ea-78af-4554-9c24-c264d59e3f63;\30c518ea-78af-4554-9c24-c264d59e3f63.jpg;0;
187;3137935e-3aca-4724-a393-d672afa01afc;\3137935e-3aca-4724-a393-d672afa01afc.jpg;1;
188;3163e129-645d-48e9-9e67-72d5834e232a;\3163e129-645d-48e9-9e67-72d5834e232a.jpg;1;
189;316c5e03-dae4-4b29-b30c-5c606acce6ba;\316c5e03-dae4-4b29-b30c-5c606acce6ba.jpg;0;
190;31a07f71-b3f9-4d25-b1c5-eda686598999;\31a07f71-b3f9-4d25-b1c5-eda686598999.jpg;1;
191;31c1bcd8-7adf-4904-b636-49f501e0a6a0;\31c1bcd8-7adf-4904-b636-49f501e0a6a0.jpg;0;
192;31dff8b7-3e9a-40f2-8cd6-9c601340e6f1;\31dff8b7-3e9a-40f2-8cd6-9c601340e6f1.jpg;0;
193;31f8fcd3-442e-4cb4-af18-c695b45175af;\31f8fcd3-442e-4cb4-af18-c695b45175af.jpg;0;
194;31f9964d-a611-4905-947c-847f93feb14e;\31f9964d-a611-4905-947c-847f93feb14e.jpg;1;
195;3218e6bd-2831-4178-9916-31e55d2b0004;\3218e6bd-2831-4178-9916-31e55d2b0004.jpg;0;
196;3230cdce-88c8-48d4-98b4-1d37885f27c2;\3230cdce-88c8-48d4-98b4-1d37885f27c2.jpg;0;
197;327675df-4bc1-4990-9ec9-447dcdc41e6f;\327675df-4bc1-4990-9ec9-447dcdc41e6f.jpg;0;
198;32ada99d-98ff-4545-b52c-192cf436403a;\32ada99d-98ff-4545-b52c-192cf436403a.jpg;0;
199;32c772b3-73b7-4336-939f-100590016027;\32c772b3-73b7-4336-939f-100590016027.jpg;0;
200;330251e5-8f0b-4f77-8f7d-36cf582bf3f4;\330251e5-8f0b-4f77-8f7d-36cf582bf3f4.jpg;0;
201;3350019a-b306-4971-a7de-c1c2cbea36c3;\3350019a-b306-4971-a7de-c1c2cbea36c3.jpg;0;
202;34c8a18d-6c39-4b6c-a9e8-1d560ae911dd;\34c8a18d-6c39-4b6c-a9e8-1d560ae911dd.jpg;0;
203;352bedad-cb1e-4e3a-9211-952970759225;\352bedad-cb1e-4e3a-9211-952970759225.jpg;1;
204;3569284a-c92f-4e64-af21-b2d3f921870c;\3569284a-c92f-4e64-af21-b2d3f921870c.jpg;1;
205;35d9a0df-056f-45a0-a658-9abbc93ec1ef;\35d9a0df-056f-45a0-a658-9abbc93ec1ef.jpg;0;
206;361e6990-fc6e-4ae4-8b46-ce5fb1b057e4;\361e6990-fc6e-4ae4-8b46-ce5fb1b057e4.jpg;1;
207;362140a4-4c59-495e-9004-c3489b455eb0;\362140a4-4c59-495e-9004-c3489b455eb0.jpg;0;
208;364b7ddb-1298-4ead-bad0-12b8378e4792;\364b7ddb-1298-4ead-bad0-12b8378e4792.jpg;0;
209;3651301a-e506-493c-bbfc-56d5df570afe;\3651301a-e506-493c-bbfc-56d5df570afe.jpg;1;
210;365e4603-e3d4-4e0f-9cb7-451592ea256a;\365e4603-e3d4-4e0f-9cb7-451592ea256a.jpg;0;
211;36ce4efd-fff2-4035-bbf0-803a831ef499;\36ce4efd-fff2-4035-bbf0-803a831ef499.jpg;0;
212;36fcda22-ac3b-4da2-9671-129442c05d9a;\36fcda22-ac3b-4da2-9671-129442c05d9a.jpg;1;
213;3746e775-c93e-480b-b050-e7ce55eceacd;\3746e775-c93e-480b-b050-e7ce55eceacd.jpg;1;
214;378fc8f5-bb9b-4f51-8648-6cdb5e831f68;\378fc8f5-bb9b-4f51-8648-6cdb5e831f68.jpg;1;
215;37e5b715-e737-4938-8d24-67bc02e81f0a;\37e5b715-e737-4938-8d24-67bc02e81f0a.jpg;0;
216;38c9b176-ff7c-4536-88b9-e7c3883d4248;\38c9b176-ff7c-4536-88b9-e7c3883d4248.jpg;0;
217;38d0bbce-9ec5-4d74-8f27-d480316ca9d8;\38d0bbce-9ec5-4d74-8f27-d480316ca9d8.jpg;1;
218;38fa8435-b9b0-48d8-afbc-9dd5d1b45291;\38fa8435-b9b0-48d8-afbc-9dd5d1b45291.jpg;1;
219;390a64cc-ab44-44ce-9f01-90ab9e33d584;\390a64cc-ab44-44ce-9f01-90ab9e33d584.jpg;1;
220;391a9586-c257-4d96-b5dd-098afb0ed677;\391a9586-c257-4d96-b5dd-098afb0ed677.jpg;0;
221;394de98e-288c-40ef-97ed-95e26da08393;\394de98e-288c-40ef-97ed-95e26da08393.jpg;0;
222;3a5d3402-a22c-472b-92f7-68fdcd6525ac;\3a5d3402-a22c-472b-92f7-68fdcd6525ac.jpg;0;
223;3a7da8f4-7c67-47f0-aa92-4f2fee429b17;\3a7da8f4-7c67-47f0-aa92-4f2fee429b17.jpg;1;
224;3add3bc8-89ac-41ea-b3f0-e451ae53429d;\3add3bc8-89ac-41ea-b3f0-e451ae53429d.jpg;1;
225;3b52c4b1-b86b-4906-bb9d-bb67eca324af;\3b52c4b1-b86b-4906-bb9d-bb67eca324af.jpg;0;
226;3bcc6063-9470-4eab-b541-885101219066;\3bcc6063-9470-4eab-b541-885101219066.jpg;0/1;
227;3c0c9ece-e851-4031-92e2-02a19cac168b;\3c0c9ece-e851-4031-92e2-02a19cac168b.jpg;1;
228;3c243742-dd30-4a2c-94eb-9d23cc13983d;\3c243742-dd30-4a2c-94eb-9d23cc13983d.jpg;0;
229;3c435cf1-be9f-4219-8feb-fd51f9dfb433;\3c435cf1-be9f-4219-8feb-fd51f9dfb433.jpg;1;
230;3c58692a-cd16-4d08-9778-1641b1880912;\3c58692a-cd16-4d08-9778-1641b1880912.jpg;0;
231;3ce51bb5-8af8-4003-b35b-afb22d542bc1;\3ce51bb5-8af8-4003-b35b-afb22d542bc1.jpg;1;
232;3cebe1a1-d801-4241-81a9-3449ece736c2;\3cebe1a1-d801-4241-81a9-3449ece736c2.jpg;1;
233;3cf97594-5980-4d89-bb9d-0f0e7a4d2121;\3cf97594-5980-4d89-bb9d-0f0e7a4d2121.jpg;0;
234;3d10ead8-ac4a-4373-b439-8c207bc42c71;\3d10ead8-ac4a-4373-b439-8c207bc42c71.jpg;0;
235;3d4cc141-58ee-4d42-8bd8-a4541fa58490;\3d4cc141-58ee-4d42-8bd8-a4541fa58490.jpg;0;
236;3d551030-15d4-40b3-bef0-c5dd70f9e982;\3d551030-15d4-40b3-bef0-c5dd70f9e982.jpg;1;
237;3d6171d7-d21c-45fd-9f68-7945a79f4737;\3d6171d7-d21c-45fd-9f68-7945a79f4737.jpg;0;
238;3def24a8-7cf8-4aa1-85db-96be5e120301;\3def24a8-7cf8-4aa1-85db-96be5e120301.jpg;1;
239;3e393469-74f4-4733-81c7-26c6a796737d;\3e393469-74f4-4733-81c7-26c6a796737d.jpg;0;
240;3e6e021f-55ac-4d6b-b03a-599ab3e1b053;\3e6e021f-55ac-4d6b-b03a-599ab3e1b053.jpg;1;
241;3e78e68f-9b07-4988-8a52-6c13ef18bdc3;\3e78e68f-9b07-4988-8a52-6c13ef18bdc3.jpg;0;
242;3eace7ba-d212-43ba-b72a-4e9851413d31;\3eace7ba-d212-43ba-b72a-4e9851413d31.jpg;0;
243;3f2a365d-231c-46f0-b113-3ff1babbfa15;\3f2a365d-231c-46f0-b113-3ff1babbfa15.jpg;0;
244;3f79301d-da62-4181-a79c-61f7edddee7f;\3f79301d-da62-4181-a79c-61f7edddee7f.jpg;1;
245;3fdd0f27-1d2b-49c6-a9ff-92bc559bc49d;\3fdd0f27-1d2b-49c6-a9ff-92bc559bc49d.jpg;1;
246;3ff7a9e6-088c-408f-ae3e-26e6d7a2bbff;\3ff7a9e6-088c-408f-ae3e-26e6d7a2bbff.jpg;1;
247;402fc04b-2e77-4835-a905-7e02808bbf9f;\402fc04b-2e77-4835-a905-7e02808bbf9f.jpg;0;
248;40a32830-5941-4d71-ba16-f8c4816176f5;\40a32830-5941-4d71-ba16-f8c4816176f5.jpg;1;
249;40a96c2e-c41b-4f9c-84e4-29ccfd2155a2;\40a96c2e-c41b-4f9c-84e4-29ccfd2155a2.jpg;0;
250;40b7de23-06ba-4dbd-8950-07151b806d2e;\40b7de23-06ba-4dbd-8950-07151b806d2e.jpg;0;
251;40d0f94b-3d5b-43d3-bcd8-7a27ed8ec3fd;\40d0f94b-3d5b-43d3-bcd8-7a27ed8ec3fd.jpg;0;
252;40e8f520-5585-4b72-8fce-b46d743dc257;\40e8f520-5585-4b72-8fce-b46d743dc257.jpg;0;
253;41274620-353d-494f-b2c8-dbd404138b50;\41274620-353d-494f-b2c8-dbd404138b50.jpg;1;
254;413f6b33-97a0-4497-9437-abb7caad6f55;\413f6b33-97a0-4497-9437-abb7caad6f55.jpg;0;
255;41552df6-0124-46ea-ab53-81c78eeb1b3f;\41552df6-0124-46ea-ab53-81c78eeb1b3f.jpg;0;
256;415c0c69-e8a9-4be9-bf0c-c3184447c84e;\415c0c69-e8a9-4be9-bf0c-c3184447c84e.jpg;0;
257;41949b7b-7f6d-475d-905e-2ad60d7ddcde;\41949b7b-7f6d-475d-905e-2ad60d7ddcde.jpg;1;
258;41a1c155-4842-4962-a304-b8d279235823;\41a1c155-4842-4962-a304-b8d279235823.jpg;0;
259;41ec5529-ba82-4237-ab92-7502e41cde7c;\41ec5529-ba82-4237-ab92-7502e41cde7c.jpg;0;
260;42249df3-5209-4db6-aa37-500c9a70b3bd;\42249df3-5209-4db6-aa37-500c9a70b3bd.jpg;0;
261;423dca17-dea4-4d77-8b95-29d3b7e9abfe;\423dca17-dea4-4d77-8b95-29d3b7e9abfe.jpg;0;
262;42a06c78-ebf9-4f66-80fa-38e97ecfac5b;\42a06c78-ebf9-4f66-80fa-38e97ecfac5b.jpg;0;
263;42e7fd45-4bc1-4512-8e23-14a427733e6d;\42e7fd45-4bc1-4512-8e23-14a427733e6d.jpg;0;
264;433e75f3-1389-4a89-bda7-1cd0195fd5b6;\433e75f3-1389-4a89-bda7-1cd0195fd5b6.jpg;0;
265;4351508f-1262-4ce3-8f3f-94b773191460;\4351508f-1262-4ce3-8f3f-94b773191460.jpg;0;
266;4425cec2-890b-4764-a742-7a88ccd20533;\4425cec2-890b-4764-a742-7a88ccd20533.jpg;1;
267;443aa79a-72f0-4ce1-b476-88b6addc0ebb;\443aa79a-72f0-4ce1-b476-88b6addc0ebb.jpg;0;
268;44846457-42a7-4a7c-9756-e31f8e750a2a;\44846457-42a7-4a7c-9756-e31f8e750a2a.jpg;1;
269;4615f036-409a-40c9-b4ee-c253c242f246;\4615f036-409a-40c9-b4ee-c253c242f246.jpg;1;
270;4669fe90-50e9-4ef6-8455-1d695a10eb29;\4669fe90-50e9-4ef6-8455-1d695a10eb29.jpg;1/0;
271;4682aee3-d2f1-40c5-ab5d-44440f7630b4;\4682aee3-d2f1-40c5-ab5d-44440f7630b4.jpg;0;
272;468bebe4-914a-4787-ae49-3ed0ef86c648;\468bebe4-914a-4787-ae49-3ed0ef86c648.jpg;0;
273;46c09eb8-388a-4734-bc06-ee0014faad8f;\46c09eb8-388a-4734-bc06-ee0014faad8f.jpg;0;
274;46d1a044-da5b-498b-b0b6-e1282e56735a;\46d1a044-da5b-498b-b0b6-e1282e56735a.jpg;0;
275;46e646e2-355d-449c-b51b-a2dab1338dee;\46e646e2-355d-449c-b51b-a2dab1338dee.jpg;0;
276;46ed5f73-1c80-4c65-8dd2-1e1aece00b58;\46ed5f73-1c80-4c65-8dd2-1e1aece00b58.jpg;0;
277;46efc24c-71b8-4782-905e-75a361f5c784;\46efc24c-71b8-4782-905e-75a361f5c784.jpg;1;
278;47216c23-7327-47c3-94d3-044b2f721df2;\47216c23-7327-47c3-94d3-044b2f721df2.jpg;1;
279;478796df-9672-44da-b9a7-76093fef5ba1;\478796df-9672-44da-b9a7-76093fef5ba1.jpg;0;
280;479d1c5d-b6f7-43e3-a53c-c0538cd105e5;\479d1c5d-b6f7-43e3-a53c-c0538cd105e5.jpg;1;
281;47b133f3-c42d-402b-9e35-0880f3628dd9;\47b133f3-c42d-402b-9e35-0880f3628dd9.jpg;0/1;
282;47b62045-a415-4ce7-b94d-b64f2796af4c;\47b62045-a415-4ce7-b94d-b64f2796af4c.jpg;0;
283;47bd681a-403b-4a36-aa77-a425975e050c;\47bd681a-403b-4a36-aa77-a425975e050c.jpg;0;
284;4806613b-7c0f-4d59-9da8-02bd82fb17e6;\4806613b-7c0f-4d59-9da8-02bd82fb17e6.jpg;0;
285;4833f4d3-0b55-42da-bac5-a7c6fa9668d4;\4833f4d3-0b55-42da-bac5-a7c6fa9668d4.jpg;0;
286;4870d63f-c2bb-4798-8e96-3bc9e6d0d8f4;\4870d63f-c2bb-4798-8e96-3bc9e6d0d8f4.jpg;0;
287;48f40888-edaa-4b25-90b5-b3cdd9fb9d3d;\48f40888-edaa-4b25-90b5-b3cdd9fb9d3d.jpg;1;
288;4917349f-26ef-434a-a23f-8a444443f49d;\4917349f-26ef-434a-a23f-8a444443f49d.jpg;0;
289;493dc86c-bcb1-4053-8b85-07fc89b2daa2;\493dc86c-bcb1-4053-8b85-07fc89b2daa2.jpg;1;
290;4952adc4-5843-4dce-8b64-352cfa40a538;\4952adc4-5843-4dce-8b64-352cfa40a538.jpg;0;
291;49a38274-579b-4371-8673-cd44141ae7be;\49a38274-579b-4371-8673-cd44141ae7be.jpg;0;
292;4a19fa83-6332-4819-bc50-1f566b14e8d6;\4a19fa83-6332-4819-bc50-1f566b14e8d6.jpg;0;
293;4a3a66c6-6760-42d9-8ddf-3489cb976ae4;\4a3a66c6-6760-42d9-8ddf-3489cb976ae4.jpg;0;
294;4ad3a37b-1f89-431c-bf74-80c81010154e;\4ad3a37b-1f89-431c-bf74-80c81010154e.jpg;0;
295;4ae9eba4-7f99-46b7-a672-cd327b675f2e;\4ae9eba4-7f99-46b7-a672-cd327b675f2e.jpg;1;
296;4aee83ae-813f-424f-8f3e-45fa8efdddb5;\4aee83ae-813f-424f-8f3e-45fa8efdddb5.jpg;0;
297;4b151091-4112-4679-abad-f8aa26150af4;\4b151091-4112-4679-abad-f8aa26150af4.jpg;1/0;
298;4b47a369-b58f-49f7-a9da-410c25f4f138;\4b47a369-b58f-49f7-a9da-410c25f4f138.jpg;0;
299;4b4c34ca-586d-4b8c-94c3-7c90de7c8c4e;\4b4c34ca-586d-4b8c-94c3-7c90de7c8c4e.jpg;0;
300;4b784829-fa30-4a40-ac56-23ae2e90c715;\4b784829-fa30-4a40-ac56-23ae2e90c715.jpg;1;
301;4bfe156e-a081-4088-a3f9-ea1f544854f6;\4bfe156e-a081-4088-a3f9-ea1f544854f6.jpg;1;
302;4c23953e-3653-44bd-bffd-95e3ccf8fc72;\4c23953e-3653-44bd-bffd-95e3ccf8fc72.jpg;1/0;
303;4c5b2fad-cc03-4dfd-9119-597f8d8a774b;\4c5b2fad-cc03-4dfd-9119-597f8d8a774b.jpg;0;
304;4ca05130-4ab5-4b28-8f4d-6e4ab248fdce;\4ca05130-4ab5-4b28-8f4d-6e4ab248fdce.jpg;0;
305;4cc50f1f-f7b8-4708-88ee-07b1b512a157;\4cc50f1f-f7b8-4708-88ee-07b1b512a157.jpg;0;
306;4d013f0d-1e52-4290-a662-ceb8e68ac75a;\4d013f0d-1e52-4290-a662-ceb8e68ac75a.jpg;0;
307;4d4533a3-adb7-495a-bfbe-d5d49a5abfaf;\4d4533a3-adb7-495a-bfbe-d5d49a5abfaf.jpg;1;
308;4d982410-b653-416a-915a-d4d5ddb6fceb;\4d982410-b653-416a-915a-d4d5ddb6fceb.jpg;1;
309;4da8e138-64f3-40eb-a364-c6991161fae7;\4da8e138-64f3-40eb-a364-c6991161fae7.jpg;1;
310;4db06b58-9338-4104-b1ad-e1734adec8e9;\4db06b58-9338-4104-b1ad-e1734adec8e9.jpg;1;
311;4dfee25e-423d-4051-b094-87fde89b9e65;\4dfee25e-423d-4051-b094-87fde89b9e65.jpg;0;
312;4e1a3eb9-939b-4d9e-af1d-3c1ef7f7a177;\4e1a3eb9-939b-4d9e-af1d-3c1ef7f7a177.jpg;0;
313;4e3faaf5-0a34-4add-ad62-b160c33480c4;\4e3faaf5-0a34-4add-ad62-b160c33480c4.jpg;1;
314;4e9d8f03-e2a1-47a2-bd77-30c36313129d;\4e9d8f03-e2a1-47a2-bd77-30c36313129d.jpg;1/0;
315;4ee9b0e7-688f-461f-92d3-57f550d06454;\4ee9b0e7-688f-461f-92d3-57f550d06454.jpg;1;
316;4f2cf8a5-20c6-4b72-9c54-f0f5011594a1;\4f2cf8a5-20c6-4b72-9c54-f0f5011594a1.jpg;1;
317;4f68072e-8a83-4af0-b855-3c4485141927;\4f68072e-8a83-4af0-b855-3c4485141927.jpg;1;
318;502f242b-f74d-431b-9ec0-92001584084e;\502f242b-f74d-431b-9ec0-92001584084e.jpg;0;
319;50372f40-5b61-46c2-a1da-cd7a89246256;\50372f40-5b61-46c2-a1da-cd7a89246256.jpg;0;
320;510c032d-aaed-4d9b-b492-ec703b526639;\510c032d-aaed-4d9b-b492-ec703b526639.jpg;0;
321;5194749a-c211-4b1b-bcd4-2ccd637f8fe6;\5194749a-c211-4b1b-bcd4-2ccd637f8fe6.jpg;0;
322;520441c1-1ae6-48c4-8a45-8c45bcafc1f4;\520441c1-1ae6-48c4-8a45-8c45bcafc1f4.jpg;0;
323;5207a5da-c314-475b-b75e-74f91302ae7a;\5207a5da-c314-475b-b75e-74f91302ae7a.jpg;0;
324;52c58347-cf53-4602-ac4d-d4d443a7cffa;\52c58347-cf53-4602-ac4d-d4d443a7cffa.jpg;0;
325;530ef95d-859f-4859-bce9-d6c8280bc732;\530ef95d-859f-4859-bce9-d6c8280bc732.jpg;0;
326;532a705c-45e5-4dea-bbee-9ec7539fc672;\532a705c-45e5-4dea-bbee-9ec7539fc672.jpg;1;
327;533f0cec-b17d-43b2-8884-4a0bc682ae08;\533f0cec-b17d-43b2-8884-4a0bc682ae08.jpg;1;
328;53975d72-a4b9-4734-9d19-ffa7b19e5986;\53975d72-a4b9-4734-9d19-ffa7b19e5986.jpg;0;
329;539e2018-fd66-466a-8fdf-cda29d00a9ce;\539e2018-fd66-466a-8fdf-cda29d00a9ce.jpg;1;
330;53fb3431-bdd5-4361-a996-a317e002a8a0;\53fb3431-bdd5-4361-a996-a317e002a8a0.jpg;1;
331;540109c9-60f8-415e-ac09-b10522cd4fb6;\540109c9-60f8-415e-ac09-b10522cd4fb6.jpg;1;
332;540e7988-159e-4df9-a546-7028c7cef557;\540e7988-159e-4df9-a546-7028c7cef557.jpg;0;
333;5533a176-bea5-41cb-bcc4-938b5a104597;\5533a176-bea5-41cb-bcc4-938b5a104597.jpg;0;
334;558a9266-dc5f-4330-b3ff-9ab788c4cce5;\558a9266-dc5f-4330-b3ff-9ab788c4cce5.jpg;0;
335;558d3170-f73d-43a2-ba5b-684e4945e96d;\558d3170-f73d-43a2-ba5b-684e4945e96d.jpg;0;
336;5600e32e-51c4-40eb-bbc5-bf2d27499578;\5600e32e-51c4-40eb-bbc5-bf2d27499578.jpg;1;
337;5704f9fc-32da-4473-86ec-9297bbee1676;\5704f9fc-32da-4473-86ec-9297bbee1676.jpg;1;
338;570a1aad-d286-4e7a-bc7f-ecb16575ca25;\570a1aad-d286-4e7a-bc7f-ecb16575ca25.jpg;0;
339;573fef8c-5fbe-4785-bc44-068a74e1ed40;\573fef8c-5fbe-4785-bc44-068a74e1ed40.jpg;0;
340;57920eb1-9200-45b6-b822-0a7f462d02ad;\57920eb1-9200-45b6-b822-0a7f462d02ad.jpg;0;
341;57aad33f-56d9-4e5e-b6cc-236bc71d26a7;\57aad33f-56d9-4e5e-b6cc-236bc71d26a7.jpg;1;
342;58301e8a-2e67-49c2-aad3-53cb3f615f92;\58301e8a-2e67-49c2-aad3-53cb3f615f92.jpg;0;
343;584abfbe-a06a-46a3-846c-c1aa88c5955f;\584abfbe-a06a-46a3-846c-c1aa88c5955f.jpg;0;
344;585a9776-0daa-4b85-b9be-1f2f662b2c05;\585a9776-0daa-4b85-b9be-1f2f662b2c05.jpg;1;
345;58f2ae3d-3ecb-4bfd-92ca-e3bb227f7ea3;\58f2ae3d-3ecb-4bfd-92ca-e3bb227f7ea3.jpg;1;
346;592cf898-e99c-4213-b29c-84b67c7e2685;\592cf898-e99c-4213-b29c-84b67c7e2685.jpg;0;
347;597d3b9a-dbba-4462-8c60-3b4732ec1540;\597d3b9a-dbba-4462-8c60-3b4732ec1540.jpg;1;
348;59b70fea-1e46-48b4-a751-156d7d2ff06c;\59b70fea-1e46-48b4-a751-156d7d2ff06c.jpg;0;
349;59c0bd77-4dde-401a-b432-2cd3dc6bde3d;\59c0bd77-4dde-401a-b432-2cd3dc6bde3d.jpg;0;
350;59dda362-9928-4519-98a2-1bb11f439ec7;\59dda362-9928-4519-98a2-1bb11f439ec7.jpg;1;
351;5a01f669-0d54-46f7-9965-f2f1f32d5bb8;\5a01f669-0d54-46f7-9965-f2f1f32d5bb8.jpg;0;
352;5a9e6451-03a2-4da7-8e4f-889e6319cabb;\5a9e6451-03a2-4da7-8e4f-889e6319cabb.jpg;1;
353;5ab919fb-6ab7-4420-8cd0-d07d9a8c227d;\5ab919fb-6ab7-4420-8cd0-d07d9a8c227d.jpg;1;
354;5b739a37-1d15-4a8e-9fc6-7c58d9adb4ee;\5b739a37-1d15-4a8e-9fc6-7c58d9adb4ee.jpg;0;
355;5bb6fa96-2f1f-46fe-9ae0-459739d20ad8;\5bb6fa96-2f1f-46fe-9ae0-459739d20ad8.jpg;0;
356;5bf5ff94-9034-4ae7-aded-c36c1ba6aaf1;\5bf5ff94-9034-4ae7-aded-c36c1ba6aaf1.jpg;1;
357;5c5f891f-71b4-489b-9efd-541be837c5c9;\5c5f891f-71b4-489b-9efd-541be837c5c9.jpg;0;
358;5cd5bfbb-4f18-4235-8ec1-8236477cdc47;\5cd5bfbb-4f18-4235-8ec1-8236477cdc47.jpg;1;
359;5cdef406-ad39-44f0-8359-cb5da86d37d1;\5cdef406-ad39-44f0-8359-cb5da86d37d1.jpg;0;
360;5cfab750-a2fe-4ade-83cb-1b8810dacaf4;\5cfab750-a2fe-4ade-83cb-1b8810dacaf4.jpg;1;
361;5d72437c-707f-4cbd-b055-f39a2b05aa22;\5d72437c-707f-4cbd-b055-f39a2b05aa22.jpg;0;
362;5d8623b4-1fff-40cd-89cd-f0f31e02b68d;\5d8623b4-1fff-40cd-89cd-f0f31e02b68d.jpg;0;
363;5df80d51-ae33-4cc2-8427-11ea864b687b;\5df80d51-ae33-4cc2-8427-11ea864b687b.jpg;0;
364;5dfca41c-2f2e-4ba6-a27d-f8c74c36d670;\5dfca41c-2f2e-4ba6-a27d-f8c74c36d670.jpg;0;
365;5e0617b0-ac52-4bc1-b539-0b8aedc74b49;\5e0617b0-ac52-4bc1-b539-0b8aedc74b49.jpg;0;
366;5e2e3f87-ce6f-4fbe-a6c9-c058796858dc;\5e2e3f87-ce6f-4fbe-a6c9-c058796858dc.jpg;1;
367;5e55bc6c-9525-410a-b25b-4b06d1535d2d;\5e55bc6c-9525-410a-b25b-4b06d1535d2d.jpg;0;
368;5ef20232-633c-4a28-bc74-4309e292d0c9;\5ef20232-633c-4a28-bc74-4309e292d0c9.jpg;0;
369;5f012efb-6804-4294-86b0-82e8dfa3513f;\5f012efb-6804-4294-86b0-82e8dfa3513f.jpg;0;
370;5f7e5457-ba40-4db2-ba22-5d98f111a0ee;\5f7e5457-ba40-4db2-ba22-5d98f111a0ee.jpg;1;
371;5fccee20-6a3b-4685-b568-d64102927b06;\5fccee20-6a3b-4685-b568-d64102927b06.jpg;0;
372;6026bede-f755-4388-b3bf-d55f68e01d68;\6026bede-f755-4388-b3bf-d55f68e01d68.jpg;0;
373;6090cd69-f2ea-4130-9fa6-9cfb9408f773;\6090cd69-f2ea-4130-9fa6-9cfb9408f773.jpg;0;
374;60b536db-9197-46c8-91b0-ee3b6e9acb75;\60b536db-9197-46c8-91b0-ee3b6e9acb75.jpg;1;
375;60bcce88-71bc-43bd-ac62-7e0ca80eab30;\60bcce88-71bc-43bd-ac62-7e0ca80eab30.jpg;0;
376;60ca3d5c-a660-4b00-ad02-0e94fc423654;\60ca3d5c-a660-4b00-ad02-0e94fc423654.jpg;0;
377;60ed9af0-1467-48d8-9dcc-e4781062f9bf;\60ed9af0-1467-48d8-9dcc-e4781062f9bf.jpg;0/0;
378;6113c116-3d47-4aae-9591-946f27ea96f6;\6113c116-3d47-4aae-9591-946f27ea96f6.jpg;0;
379;6121bc06-ccf0-4726-bfc2-4501af2a72d9;\6121bc06-ccf0-4726-bfc2-4501af2a72d9.jpg;0;
380;612f96da-0cb5-4b01-b888-e371fdb9d510;\612f96da-0cb5-4b01-b888-e371fdb9d510.jpg;0;
381;6152c4e2-2612-44d9-8928-80872a614667;\6152c4e2-2612-44d9-8928-80872a614667.jpg;0/-;
382;61ab6bdf-56e8-4415-add3-a6ccc914b60c;\61ab6bdf-56e8-4415-add3-a6ccc914b60c.jpg;0;
383;61bdbf08-ccd6-4ab9-9fee-949d432f3070;\61bdbf08-ccd6-4ab9-9fee-949d432f3070.jpg;0;
384;62638044-44f2-4bef-a04b-eca1356190d3;\62638044-44f2-4bef-a04b-eca1356190d3.jpg;1;
385;62add518-091f-49f3-a245-ce57666e7d28;\62add518-091f-49f3-a245-ce57666e7d28.jpg;0;
386;62fe4445-9935-45c7-a3f6-4aaf01ff929d;\62fe4445-9935-45c7-a3f6-4aaf01ff929d.jpg;1;
387;63069b52-6963-40a8-8031-ca9c0ea4efe3;\63069b52-6963-40a8-8031-ca9c0ea4efe3.jpg;1;
388;637d1b0c-b59f-4a69-8c02-34cac1721f28;\637d1b0c-b59f-4a69-8c02-34cac1721f28.jpg;0;
389;640b26b2-6aa4-4dc3-a61c-1afa37b25835;\640b26b2-6aa4-4dc3-a61c-1afa37b25835.jpg;1;
390;64703450-4b17-4f33-b39c-d5cce7733b85;\64703450-4b17-4f33-b39c-d5cce7733b85.jpg;0;
391;64769d82-303e-48d8-8ce2-f54c74e58150;\64769d82-303e-48d8-8ce2-f54c74e58150.jpg;0;
392;64774422-aea6-4b18-b632-1e925c3af159;\64774422-aea6-4b18-b632-1e925c3af159.jpg;1;
393;648597a3-ff42-4057-9410-8ef4abe0fc72;\648597a3-ff42-4057-9410-8ef4abe0fc72.jpg;0;
394;64aed8fe-383d-4498-b5ea-f10974d57eb5;\64aed8fe-383d-4498-b5ea-f10974d57eb5.jpg;0;
395;64b9dab5-d2ea-4bcf-bd9d-9050a8a6b924;\64b9dab5-d2ea-4bcf-bd9d-9050a8a6b924.jpg;0;
396;64cec35f-cf46-4a1d-88d0-e78d57324c72;\64cec35f-cf46-4a1d-88d0-e78d57324c72.jpg;0;
397;64de4ce7-e9d0-4c3e-bf2b-c44d38e5d27e;\64de4ce7-e9d0-4c3e-bf2b-c44d38e5d27e.jpg;0;
398;65449189-e8c6-4871-9e82-1839c9525a12;\65449189-e8c6-4871-9e82-1839c9525a12.jpg;1;
399;65be0eb0-b98e-4f11-b753-72deedb5c9e3;\65be0eb0-b98e-4f11-b753-72deedb5c9e3.jpg;0;
400;65e6d400-292e-42f7-b301-bbdef8eef3fb;\65e6d400-292e-42f7-b301-bbdef8eef3fb.jpg;0;
401;6608c04e-195f-41a6-a65a-5633412d94ad;\6608c04e-195f-41a6-a65a-5633412d94ad.jpg;1;
402;6624d480-cc3e-432f-a406-4dabdef06cd2;\6624d480-cc3e-432f-a406-4dabdef06cd2.jpg;0;
403;6645a474-4456-4321-8a2b-4dee3d070d0e;\6645a474-4456-4321-8a2b-4dee3d070d0e.jpg;0;
404;6653b548-9251-4d05-ad46-25fe79dd91d7;\6653b548-9251-4d05-ad46-25fe79dd91d7.jpg;0;
405;66bbc4c5-3840-41b5-819f-980eed1d1c3f;\66bbc4c5-3840-41b5-819f-980eed1d1c3f.jpg;1;
406;66c29ff1-2eca-48b9-8aee-a3222425d558;\66c29ff1-2eca-48b9-8aee-a3222425d558.jpg;0;
407;66d21f8b-cef5-48ba-b430-4f8bb05ded69;\66d21f8b-cef5-48ba-b430-4f8bb05ded69.jpg;1;
408;6762e395-9150-4f23-85ff-332fafbf1834;\6762e395-9150-4f23-85ff-332fafbf1834.jpg;0;
409;67b2ae3d-5adf-455f-9e4f-40d8deaeabe6;\67b2ae3d-5adf-455f-9e4f-40d8deaeabe6.jpg;1/0;
410;67d07ce5-b49e-4af5-8606-8e2bbfdb1522;\67d07ce5-b49e-4af5-8606-8e2bbfdb1522.jpg;0;
411;68593f42-5683-466c-9ec5-ddf4c59224f4;\68593f42-5683-466c-9ec5-ddf4c59224f4.jpg;1;
412;688e6227-a90e-4efa-9b54-fcca6b58808a;\688e6227-a90e-4efa-9b54-fcca6b58808a.jpg;0;
413;68e95dde-f6bf-4d1d-aa94-9107e1b9977a;\68e95dde-f6bf-4d1d-aa94-9107e1b9977a.jpg;0;
414;692962b6-2485-4d4e-ae61-c3670518acff;\692962b6-2485-4d4e-ae61-c3670518acff.jpg;1;
415;69bf7de9-636c-45d6-9cba-5fb989e1aed7;\69bf7de9-636c-45d6-9cba-5fb989e1aed7.jpg;1;
416;69c1a9b9-ab67-4152-8632-dd64b4196787;\69c1a9b9-ab67-4152-8632-dd64b4196787.jpg;1;
417;69f08b34-7e67-4a6d-9274-3fc84d222826;\69f08b34-7e67-4a6d-9274-3fc84d222826.jpg;1/0;
418;6a6a0275-035c-40d6-9d63-f82988b0fd7e;\6a6a0275-035c-40d6-9d63-f82988b0fd7e.jpg;0;
419;6abcad10-3ef2-4f9b-8e1b-3f86ce72c13a;\6abcad10-3ef2-4f9b-8e1b-3f86ce72c13a.jpg;0;
420;6b06af3a-ca78-45fd-8ca6-e8c94580fe4e;\6b06af3a-ca78-45fd-8ca6-e8c94580fe4e.jpg;0;
421;6b796db6-6a1d-4346-993b-956a5212adce;\6b796db6-6a1d-4346-993b-956a5212adce.jpg;1;
422;6b8f28ba-930a-404b-86c0-7510b323c788;\6b8f28ba-930a-404b-86c0-7510b323c788.jpg;0;
423;6be0175c-6ae3-4510-9684-fc3cae6aebb1;\6be0175c-6ae3-4510-9684-fc3cae6aebb1.jpg;0;
424;6be61b8b-389d-4796-97d5-82b295c34b6d;\6be61b8b-389d-4796-97d5-82b295c34b6d.jpg;1;
425;6be64575-b5d9-4df7-85dd-37ee16142c4b;\6be64575-b5d9-4df7-85dd-37ee16142c4b.jpg;0;
426;6cc89d5c-2ff3-428e-9cb5-988dea938cb0;\6cc89d5c-2ff3-428e-9cb5-988dea938cb0.jpg;1;
427;6cf1d499-b36d-4ba1-b169-d4f95995ca36;\6cf1d499-b36d-4ba1-b169-d4f95995ca36.jpg;0;
428;6d318df7-9c07-45bf-9396-71f78185decf;\6d318df7-9c07-45bf-9396-71f78185decf.jpg;0;
429;6d724156-9dc8-449c-85e9-30c0a9d18802;\6d724156-9dc8-449c-85e9-30c0a9d18802.jpg;0;
430;6e04e78a-c96e-48e8-b9be-9598f1161c81;\6e04e78a-c96e-48e8-b9be-9598f1161c81.jpg;0;
431;6e25ade0-d831-4fa8-a3f6-1eacaa3a01b6;\6e25ade0-d831-4fa8-a3f6-1eacaa3a01b6.jpg;0;
432;6e4869e2-e11d-41dc-a12f-e00867c5a85d;\6e4869e2-e11d-41dc-a12f-e00867c5a85d.jpg;0;
433;6e5503e2-c6f6-4a48-ac02-718a54284868;\6e5503e2-c6f6-4a48-ac02-718a54284868.jpg;0;
434;6e754934-df57-46f2-a357-64246f9312f4;\6e754934-df57-46f2-a357-64246f9312f4.jpg;1;
435;6e8df5f6-bbb4-449f-a13f-d38533a67201;\6e8df5f6-bbb4-449f-a13f-d38533a67201.jpg;1;
436;6ec8e486-cb58-46cf-a0ee-04d81c629525;\6ec8e486-cb58-46cf-a0ee-04d81c629525.jpg;0;
437;6ed6cee3-b46d-4336-8c76-9c83f1a4f158;\6ed6cee3-b46d-4336-8c76-9c83f1a4f158.jpg;0;
438;6f1f16f5-f0cf-48ef-9d95-5144c04c5399;\6f1f16f5-f0cf-48ef-9d95-5144c04c5399.jpg;0;
439;6f4fab5d-74bf-4829-aba9-d0c4952e9c03;\6f4fab5d-74bf-4829-aba9-d0c4952e9c03.jpg;1;
440;6f6f6e04-ebc8-4a58-8076-4543ef8021e5;\6f6f6e04-ebc8-4a58-8076-4543ef8021e5.jpg;0;
441;6fd2f36c-0aa4-4087-bc0e-cd0cbaecaeeb;\6fd2f36c-0aa4-4087-bc0e-cd0cbaecaeeb.jpg;1;
442;6fdb08c4-edea-4898-98d4-19c0a94842f4;\6fdb08c4-edea-4898-98d4-19c0a94842f4.jpg;0;
443;6fec1b23-fe84-4a92-9ba1-048a2b0f1e8c;\6fec1b23-fe84-4a92-9ba1-048a2b0f1e8c.jpg;1;
444;6ffd930d-25e3-4680-b4ed-4398ee445c90;\6ffd930d-25e3-4680-b4ed-4398ee445c90.jpg;1;
445;7011dca1-d54e-4870-bad4-9be4f9e8c32e;\7011dca1-d54e-4870-bad4-9be4f9e8c32e.jpg;0;
446;708aff87-3cd8-4950-afac-e136835a72fe;\708aff87-3cd8-4950-afac-e136835a72fe.jpg;1;
447;708e2f49-4654-4db8-afd7-65aad1e12ab3;\708e2f49-4654-4db8-afd7-65aad1e12ab3.jpg;0;
448;70d8fc34-5f23-4644-92c8-1111369ec42b;\70d8fc34-5f23-4644-92c8-1111369ec42b.jpg;0;
449;70e11053-4563-447f-bb5e-342b7fa6214d;\70e11053-4563-447f-bb5e-342b7fa6214d.jpg;1;
450;710d42ea-6b97-4b53-9f4a-f638b7009888;\710d42ea-6b97-4b53-9f4a-f638b7009888.jpg;0;
451;71499d9f-3f67-459d-8b24-c6014636ad19;\71499d9f-3f67-459d-8b24-c6014636ad19.jpg;1;
452;71d54a41-6d05-4f2b-982a-1a6e95130ad8;\71d54a41-6d05-4f2b-982a-1a6e95130ad8.jpg;0;
453;71e2cd8d-a1a3-4ef2-8fc6-fc7afa0e2f02;\71e2cd8d-a1a3-4ef2-8fc6-fc7afa0e2f02.jpg;1;
454;72052c53-13ae-4013-89e2-e79fb00fc778;\72052c53-13ae-4013-89e2-e79fb00fc778.jpg;0;
455;726d24e5-ba6c-4be6-b950-b521bbc8e1a4;\726d24e5-ba6c-4be6-b950-b521bbc8e1a4.jpg;0;
456;72777627-d24c-4ec4-ab57-7c89f43efda7;\72777627-d24c-4ec4-ab57-7c89f43efda7.jpg;0;
457;72a34181-8471-4414-a46d-8b6541514819;\72a34181-8471-4414-a46d-8b6541514819.jpg;0;
458;731e212d-5a32-46bb-8071-674bd777afbb;\731e212d-5a32-46bb-8071-674bd777afbb.jpg;1;
459;7354f32c-010f-43eb-9f08-f9f47d7918ce;\7354f32c-010f-43eb-9f08-f9f47d7918ce.jpg;1;
460;73746c69-e09c-4b55-a2b0-bfe2e806d7dc;\73746c69-e09c-4b55-a2b0-bfe2e806d7dc.jpg;0;
461;73d9b8a0-61fe-4c66-870c-2e672ea10428;\73d9b8a0-61fe-4c66-870c-2e672ea10428.jpg;0;
462;7420270c-067d-4218-96fc-5ebe5b90c78d;\7420270c-067d-4218-96fc-5ebe5b90c78d.jpg;0;
463;742422c7-8a97-4a1c-91fc-74348ea15917;\742422c7-8a97-4a1c-91fc-74348ea15917.jpg;0;
464;74387cae-182e-4a4a-b7a8-25fcb7b23a0a;\74387cae-182e-4a4a-b7a8-25fcb7b23a0a.jpg;1;
465;745b5f08-3aea-4ca1-a2b2-c2427e5686ea;\745b5f08-3aea-4ca1-a2b2-c2427e5686ea.jpg;1;
466;74782152-65d4-4436-8f81-f8d983c976c7;\74782152-65d4-4436-8f81-f8d983c976c7.jpg;0;
467;749e2261-3853-4f05-abac-564d76e206dc;\749e2261-3853-4f05-abac-564d76e206dc.jpg;0;
468;75610531-8ec2-4b68-acfa-62a1ba51d36a;\75610531-8ec2-4b68-acfa-62a1ba51d36a.jpg;1;
469;75cf9f24-7e84-4f8e-af00-8c8eef6c8c9d;\75cf9f24-7e84-4f8e-af00-8c8eef6c8c9d.jpg;0;
470;76000a31-31fc-4e06-bd0f-4611eb4c07d7;\76000a31-31fc-4e06-bd0f-4611eb4c07d7.jpg;1;
471;761b27c5-4b24-430c-ab39-07790b96a70c;\761b27c5-4b24-430c-ab39-07790b96a70c.jpg;1;
472;76802e45-a227-4d0d-bd1c-7f34375e4d42;\76802e45-a227-4d0d-bd1c-7f34375e4d42.jpg;1;
473;76972586-5d40-410e-8d9d-2c1fdd1bb7e8;\76972586-5d40-410e-8d9d-2c1fdd1bb7e8.jpg;0;
474;76bdaed7-eeb1-41ff-a9f0-8f2bc3d8cf0a;\76bdaed7-eeb1-41ff-a9f0-8f2bc3d8cf0a.jpg;0;
475;76ce1091-40b4-43b8-a25a-ee79e6537b9a;\76ce1091-40b4-43b8-a25a-ee79e6537b9a.jpg;1;
476;76d0f659-df27-4d51-9be2-b5f7092e6858;\76d0f659-df27-4d51-9be2-b5f7092e6858.jpg;1;
477;771dfeb2-a5e8-400b-8813-23899170f4e9;\771dfeb2-a5e8-400b-8813-23899170f4e9.jpg;0;
478;77412378-59b2-48c5-b945-cf6f22256701;\77412378-59b2-48c5-b945-cf6f22256701.jpg;0;
479;775ada75-c58d-427b-b5d9-251f42e65e41;\775ada75-c58d-427b-b5d9-251f42e65e41.jpg;0;
480;77ab3be6-fe92-4479-9004-2a553dad8a75;\77ab3be6-fe92-4479-9004-2a553dad8a75.jpg;0;
481;78a6d874-d074-4ed9-9246-4077bd5cc4f4;\78a6d874-d074-4ed9-9246-4077bd5cc4f4.jpg;0;
482;78d13665-39c8-4e8d-99f5-347268dbc01c;\78d13665-39c8-4e8d-99f5-347268dbc01c.jpg;1/0;
483;79b0d74c-a0fc-4a89-855d-9bc036b93d67;\79b0d74c-a0fc-4a89-855d-9bc036b93d67.jpg;0;
484;79ba03d6-0c66-45c0-a89b-87d909ac3d3d;\79ba03d6-0c66-45c0-a89b-87d909ac3d3d.jpg;0;
485;79c696c5-ecad-4107-acbe-7e79df1c3124;\79c696c5-ecad-4107-acbe-7e79df1c3124.jpg;0;
486;7a4a66af-c98c-43fb-a040-f376293466bf;\7a4a66af-c98c-43fb-a040-f376293466bf.jpg;1;
487;7a506742-bb64-4d1c-aff0-86d16988d664;\7a506742-bb64-4d1c-aff0-86d16988d664.jpg;0;
488;7a6ef0fe-2bc5-4c04-93a5-cb2bebf0e3dd;\7a6ef0fe-2bc5-4c04-93a5-cb2bebf0e3dd.jpg;1;
489;7ae2968d-4a18-45b3-8524-69609cad8813;\7ae2968d-4a18-45b3-8524-69609cad8813.jpg;0/0;
490;7b606042-3243-43ea-8b78-d6fe53b2959c;\7b606042-3243-43ea-8b78-d6fe53b2959c.jpg;1;
491;7bb8886a-2cab-4a3c-bd3d-f1e1a259ae17;\7bb8886a-2cab-4a3c-bd3d-f1e1a259ae17.jpg;0/1;
492;7be085b4-8555-4025-9b0e-2e53142b47f4;\7be085b4-8555-4025-9b0e-2e53142b47f4.jpg;0;
493;7bf86b14-68ce-4c7d-ba4e-c292ba861f67;\7bf86b14-68ce-4c7d-ba4e-c292ba861f67.jpg;1;
494;7c98a559-ffdb-4835-ba2c-f73b7b6ac6bd;\7c98a559-ffdb-4835-ba2c-f73b7b6ac6bd.jpg;0;
495;7d11a42f-8684-4efd-95d9-67ab70f5f6e2;\7d11a42f-8684-4efd-95d9-67ab70f5f6e2.jpg;1;
496;7d184ae8-adc1-409d-a295-c1b31f9311a1;\7d184ae8-adc1-409d-a295-c1b31f9311a1.jpg;0;
497;7d2752d1-9e8e-4019-850e-57fc9319a9ae;\7d2752d1-9e8e-4019-850e-57fc9319a9ae.jpg;1;
498;7d69f2a8-0170-417e-aa87-29a84d4ff0de;\7d69f2a8-0170-417e-aa87-29a84d4ff0de.jpg;0;
499;7d712780-9526-4dc5-af51-d97565c9d48d;\7d712780-9526-4dc5-af51-d97565c9d48d.jpg;0;
500;7dab2088-e088-49c4-8da5-94a606603ae6;\7dab2088-e088-49c4-8da5-94a606603ae6.jpg;1;
501;7e382128-34fc-469c-9164-0f9110fa0fab;\7e382128-34fc-469c-9164-0f9110fa0fab.jpg;0;
502;7e4e4c42-bab1-44f3-aeae-243e26dd17a0;\7e4e4c42-bab1-44f3-aeae-243e26dd17a0.jpg;0;
503;7e504e96-83a4-48fe-b52b-7b7801dee896;\7e504e96-83a4-48fe-b52b-7b7801dee896.jpg;1;
504;7efafc0f-044e-432b-bd38-7b9b7e86df0c;\7efafc0f-044e-432b-bd38-7b9b7e86df0c.jpg;0;
505;7f06a0ed-1293-4d8a-ad05-b571e9045c0e;\7f06a0ed-1293-4d8a-ad05-b571e9045c0e.jpg;0;
506;7f0b66a5-bbea-4318-9339-ad5f63c6ad03;\7f0b66a5-bbea-4318-9339-ad5f63c6ad03.jpg;1;
507;7f4284c8-0cd5-407d-8942-474e2c97a293;\7f4284c8-0cd5-407d-8942-474e2c97a293.jpg;1;
508;7f939829-0b60-47ab-8e75-34772f11c287;\7f939829-0b60-47ab-8e75-34772f11c287.jpg;0;
509;7fdd7c7a-8ed9-484e-a906-8f8f11bccfc0;\7fdd7c7a-8ed9-484e-a906-8f8f11bccfc0.jpg;0;
510;80060022-0cca-4d2c-a49c-494c2a4570be;\80060022-0cca-4d2c-a49c-494c2a4570be.jpg;1;
511;80652a3a-b3b8-4e2e-a46d-7fa933fb4a6f;\80652a3a-b3b8-4e2e-a46d-7fa933fb4a6f.jpg;1;
512;807100cd-de90-4a78-8885-d18f4203f6ad;\807100cd-de90-4a78-8885-d18f4203f6ad.jpg;1;
513;808082dc-2780-475f-ab60-10ba9b324549;\808082dc-2780-475f-ab60-10ba9b324549.jpg;1;
514;80b63b07-687e-476e-8246-e33e2845c074;\80b63b07-687e-476e-8246-e33e2845c074.jpg;1;
515;80dcd033-89b8-4675-8f49-38ee8cd54226;\80dcd033-89b8-4675-8f49-38ee8cd54226.jpg;0;
516;80f5ca63-038b-4825-9e2a-5817ff23a464;\80f5ca63-038b-4825-9e2a-5817ff23a464.jpg;0;
517;814ee3aa-d360-431f-b996-482c856da8e2;\814ee3aa-d360-431f-b996-482c856da8e2.jpg;0;
518;81b753a8-fb94-4f17-b9c6-50a79311fd87;\81b753a8-fb94-4f17-b9c6-50a79311fd87.jpg;1;
519;81c03527-4e8b-4ed0-8ebd-29576c249a1f;\81c03527-4e8b-4ed0-8ebd-29576c249a1f.jpg;1;
520;81f3edfe-acf0-4561-b887-e06abba8c88d;\81f3edfe-acf0-4561-b887-e06abba8c88d.jpg;0;
521;820bdb63-2758-43ca-a6c4-3f775f814fcc;\820bdb63-2758-43ca-a6c4-3f775f814fcc.jpg;1;
522;825c6768-4695-43b4-983c-708549f0a341;\825c6768-4695-43b4-983c-708549f0a341.jpg;1;
523;82779fc7-d50f-42cf-9416-3bd49070307e;\82779fc7-d50f-42cf-9416-3bd49070307e.jpg;1;
524;8295b792-d32d-4330-abe2-2d4e43019e3c;\8295b792-d32d-4330-abe2-2d4e43019e3c.jpg;0;
525;82c571e1-a161-479d-89df-31217f63dfe9;\82c571e1-a161-479d-89df-31217f63dfe9.jpg;0;
526;834b2c08-5090-4788-b61f-cbd89ae12ffe;\834b2c08-5090-4788-b61f-cbd89ae12ffe.jpg;0/1;
527;838c8f77-eef3-409e-bd97-00597f952a8f;\838c8f77-eef3-409e-bd97-00597f952a8f.jpg;1;
528;83edf605-1bb2-43f5-8559-351cc5760d86;\83edf605-1bb2-43f5-8559-351cc5760d86.jpg;1;
529;8416e90f-1146-41e5-86fe-631a7acb8193;\8416e90f-1146-41e5-86fe-631a7acb8193.jpg;1;
530;8481629f-ffdf-4273-9bb7-b894af762281;\8481629f-ffdf-4273-9bb7-b894af762281.jpg;0;
531;848e7dca-ff0b-4c79-8c5e-32d300b89525;\848e7dca-ff0b-4c79-8c5e-32d300b89525.jpg;0;
532;84ae18f7-5685-4b9e-a04a-36c9ffdd4a63;\84ae18f7-5685-4b9e-a04a-36c9ffdd4a63.jpg;0;
533;8508da8f-a627-478e-bd2c-67b577719632;\8508da8f-a627-478e-bd2c-67b577719632.jpg;0;
534;85420b6f-1190-4fd3-9e68-69263f005a17;\85420b6f-1190-4fd3-9e68-69263f005a17.jpg;0;
535;85430fe2-746a-43d4-b54c-1615ed8d0b3e;\85430fe2-746a-43d4-b54c-1615ed8d0b3e.jpg;1;
536;854fab52-3d70-4031-b473-190e650d0f4a;\854fab52-3d70-4031-b473-190e650d0f4a.jpg;1;
537;8598d775-9463-4f27-b54a-15ebe33d17df;\8598d775-9463-4f27-b54a-15ebe33d17df.jpg;0;
538;867c7c01-6b46-4f28-97b8-4724a6a9b7f6;\867c7c01-6b46-4f28-97b8-4724a6a9b7f6.jpg;0;
539;86a0d0f5-4c34-4fa1-8fae-23678557765b;\86a0d0f5-4c34-4fa1-8fae-23678557765b.jpg;0;
540;86a91bd1-8761-4a5c-afcd-1d7332dd426e;\86a91bd1-8761-4a5c-afcd-1d7332dd426e.jpg;1;
541;86fb0065-4601-451c-98d6-b5ae6a9b6762;\86fb0065-4601-451c-98d6-b5ae6a9b6762.jpg;0;
542;888e7a3e-8ac7-4ab9-8905-509abe91b017;\888e7a3e-8ac7-4ab9-8905-509abe91b017.jpg;0;
543;88ce23e3-d5d3-4013-9688-b61aa50610c5;\88ce23e3-d5d3-4013-9688-b61aa50610c5.jpg;0;
544;88e37c62-2c85-4b6e-8db8-2dc916b7493d;\88e37c62-2c85-4b6e-8db8-2dc916b7493d.jpg;0;
545;89279dbc-c826-4888-993c-e9f2816b03f8;\89279dbc-c826-4888-993c-e9f2816b03f8.jpg;0;
546;89691a85-4b65-4e2d-a592-2deaf9616d9f;\89691a85-4b65-4e2d-a592-2deaf9616d9f.jpg;0;
547;89c15fbc-4599-4d9d-85ee-d738972cead8;\89c15fbc-4599-4d9d-85ee-d738972cead8.jpg;1;
548;89d8ccaf-2571-4513-a3e9-b29949ba93db;\89d8ccaf-2571-4513-a3e9-b29949ba93db.jpg;1;
549;89e0e21b-265c-48b1-ac38-576d831ed939;\89e0e21b-265c-48b1-ac38-576d831ed939.jpg;0;
550;8a09e175-1684-409d-a175-50eba6320d70;\8a09e175-1684-409d-a175-50eba6320d70.jpg;1;
551;8a2c75b8-545b-4d8e-9f1c-4d5394918b27;\8a2c75b8-545b-4d8e-9f1c-4d5394918b27.jpg;1;
552;8a4f953a-1099-460f-b59a-c239cd53813d;\8a4f953a-1099-460f-b59a-c239cd53813d.jpg;1;
553;8a64072c-0c0b-4dff-a16f-a269984d01a2;\8a64072c-0c0b-4dff-a16f-a269984d01a2.jpg;0;
554;8ad7b43f-4c11-4730-a8e8-94ee781f0a21;\8ad7b43f-4c11-4730-a8e8-94ee781f0a21.jpg;1;
555;8b98460a-d509-4d99-a563-0ad9e673eef9;\8b98460a-d509-4d99-a563-0ad9e673eef9.jpg;0/1/1/0;
556;8baa429c-e4b0-408a-a454-a28e3a5cb5af;\8baa429c-e4b0-408a-a454-a28e3a5cb5af.jpg;1;
557;8bc43b5a-15c8-4027-ac86-5bca42125bb4;\8bc43b5a-15c8-4027-ac86-5bca42125bb4.jpg;1/0;
558;8c4fb1d8-06c1-4233-be3d-0640308b6a5f;\8c4fb1d8-06c1-4233-be3d-0640308b6a5f.jpg;1;
559;8c8f0985-7f1a-41e5-9679-ced741105799;\8c8f0985-7f1a-41e5-9679-ced741105799.jpg;0;
560;8d2cbe67-7861-4ad0-8445-b5a209cd90d0;\8d2cbe67-7861-4ad0-8445-b5a209cd90d0.jpg;1;
561;8d8ab27a-4493-4796-8651-5acbd974625c;\8d8ab27a-4493-4796-8651-5acbd974625c.jpg;0;
562;8dce0504-6fdf-4243-ac0d-a2b4da9e20ab;\8dce0504-6fdf-4243-ac0d-a2b4da9e20ab.jpg;0;
563;8dee71a6-8fa5-429a-a9f7-0e715751ad7e;\8dee71a6-8fa5-429a-a9f7-0e715751ad7e.jpg;1;
564;8df72db6-3784-49f7-a10d-36cfd7d83932;\8df72db6-3784-49f7-a10d-36cfd7d83932.jpg;1/1;
565;8e19359f-aca7-412f-a89b-488323474ffb;\8e19359f-aca7-412f-a89b-488323474ffb.jpg;1;
566;8e6a8ba3-52c3-40a5-8408-e5ac8ad936e0;\8e6a8ba3-52c3-40a5-8408-e5ac8ad936e0.jpg;0;
567;8e9b2f36-9651-45a9-b62c-71efb2fbe6e7;\8e9b2f36-9651-45a9-b62c-71efb2fbe6e7.jpg;0;
568;8ecb3f68-73d2-42b7-af52-357c4ed4a852;\8ecb3f68-73d2-42b7-af52-357c4ed4a852.jpg;1;
569;8f1d6f8e-4633-4b74-97fa-273b14223243;\8f1d6f8e-4633-4b74-97fa-273b14223243.jpg;1/0;
570;8f4c8503-1359-4581-a52d-51373a823997;\8f4c8503-1359-4581-a52d-51373a823997.jpg;0;
571;8f7f84f0-6435-45f1-beb0-9c0f1bca4393;\8f7f84f0-6435-45f1-beb0-9c0f1bca4393.jpg;0;
572;8fc1ebd4-4ee5-4f02-bfd1-40efa51709b3;\8fc1ebd4-4ee5-4f02-bfd1-40efa51709b3.jpg;0;
573;8feb72a3-146c-4d9c-a9f8-f1531c41c8b6;\8feb72a3-146c-4d9c-a9f8-f1531c41c8b6.jpg;0;
574;8ff35923-e22f-4663-9e3f-032a918d97e5;\8ff35923-e22f-4663-9e3f-032a918d97e5.jpg;1;
575;8ff939fa-9065-478f-8792-0e7814848f8e;\8ff939fa-9065-478f-8792-0e7814848f8e.jpg;0;
576;9077f97c-a553-467a-8f1d-0e86ec9456af;\9077f97c-a553-467a-8f1d-0e86ec9456af.jpg;1/0;
577;90808655-4f0a-4ea6-92ca-22ed26dda7a5;\90808655-4f0a-4ea6-92ca-22ed26dda7a5.jpg;0;
578;90855b78-b285-465a-b79f-7cb8448c2e0d;\90855b78-b285-465a-b79f-7cb8448c2e0d.jpg;0;
579;908ab3fa-d288-4464-a446-a51a29136be6;\908ab3fa-d288-4464-a446-a51a29136be6.jpg;1;
580;90e2f691-1cfa-4559-b684-dadfbe46bde4;\90e2f691-1cfa-4559-b684-dadfbe46bde4.jpg;0;
581;9157f710-ed42-4792-ac1c-ce24d9883f5a;\9157f710-ed42-4792-ac1c-ce24d9883f5a.jpg;0;
582;9187f624-f546-40c0-a562-4ad0cd352fab;\9187f624-f546-40c0-a562-4ad0cd352fab.jpg;1;
583;91c06a35-1960-46d3-be71-ebcea865bf7b;\91c06a35-1960-46d3-be71-ebcea865bf7b.jpg;1/0;
584;91fbc4f2-092a-4f13-8d28-3e388d14082e;\91fbc4f2-092a-4f13-8d28-3e388d14082e.jpg;1;
585;9340d218-5712-4cd8-94ce-216f67861ef7;\9340d218-5712-4cd8-94ce-216f67861ef7.jpg;1;
586;936a0679-af82-44cd-91e3-106d738c16d9;\936a0679-af82-44cd-91e3-106d738c16d9.jpg;0;
587;939c6cae-9a8a-4d2f-9096-e167ab3d5248;\939c6cae-9a8a-4d2f-9096-e167ab3d5248.jpg;0;
588;93e91152-c982-43d1-8b53-45d890537a30;\93e91152-c982-43d1-8b53-45d890537a30.jpg;1;
589;93f98f12-006e-4eb3-9eb8-274934d837c1;\93f98f12-006e-4eb3-9eb8-274934d837c1.jpg;1;
590;940b1074-de37-401f-af38-e30af7031db4;\940b1074-de37-401f-af38-e30af7031db4.jpg;0;
591;941d233c-c24c-4f04-b3a4-ac1915aca7bb;\941d233c-c24c-4f04-b3a4-ac1915aca7bb.jpg;0;
592;94214c41-713d-41f7-9210-8ccd36415bfa;\94214c41-713d-41f7-9210-8ccd36415bfa.jpg;0;
593;944a626b-c310-4a32-b964-7bca67de1077;\944a626b-c310-4a32-b964-7bca67de1077.jpg;0;
594;945f2996-f2b3-4464-860c-8e2c195c2371;\945f2996-f2b3-4464-860c-8e2c195c2371.jpg;0/0;
595;946c8d6b-b335-4d5c-95e3-270a9be8934a;\946c8d6b-b335-4d5c-95e3-270a9be8934a.jpg;1;
596;952b3127-8aad-4b2f-81a2-5dc1d87b73f2;\952b3127-8aad-4b2f-81a2-5dc1d87b73f2.jpg;0;
597;95feb8fd-a648-4b7f-a433-c1601353788f;\95feb8fd-a648-4b7f-a433-c1601353788f.jpg;0;
598;96112bd9-e3a4-48f0-a71f-36a7bee2ae0e;\96112bd9-e3a4-48f0-a71f-36a7bee2ae0e.jpg;0;
599;96748cff-09c8-4cdc-8765-b5736d61f51f;\96748cff-09c8-4cdc-8765-b5736d61f51f.jpg;0;
600;96a37659-348f-46bc-b632-96235a4ef2b5;\96a37659-348f-46bc-b632-96235a4ef2b5.jpg;0;
601;96d0f9e1-b210-49d2-a1e7-406d4f053363;\96d0f9e1-b210-49d2-a1e7-406d4f053363.jpg;0/1;
602;981ee90f-a0fd-4c56-80d3-1702cf262c6d;\981ee90f-a0fd-4c56-80d3-1702cf262c6d.jpg;0;
603;986b616d-f939-465e-a7cb-5e7318229068;\986b616d-f939-465e-a7cb-5e7318229068.jpg;1/0;
604;988b48e5-a02e-45b2-a991-7c88ee572106;\988b48e5-a02e-45b2-a991-7c88ee572106.jpg;0;
605;98998875-422c-4183-9fa7-933cc6c2507d;\98998875-422c-4183-9fa7-933cc6c2507d.jpg;0;
606;98c109ce-675b-4cf5-b9ca-bd0239f0c50e;\98c109ce-675b-4cf5-b9ca-bd0239f0c50e.jpg;1;
607;98f98d23-e070-4e59-b891-8a68296f41e4;\98f98d23-e070-4e59-b891-8a68296f41e4.jpg;0;
608;991dd5a6-2244-4234-af78-8614ae567163;\991dd5a6-2244-4234-af78-8614ae567163.jpg;0;
609;99cb17a9-eaa7-447b-b67f-5939d4fd36cc;\99cb17a9-eaa7-447b-b67f-5939d4fd36cc.jpg;0;
610;9a609f6a-01e5-4c90-a917-1b97c055b047;\9a609f6a-01e5-4c90-a917-1b97c055b047.jpg;1;
611;9ab33dfe-62da-4385-a2f0-088f72b037de;\9ab33dfe-62da-4385-a2f0-088f72b037de.jpg;1;
612;9af944d0-5eba-4e76-8e02-d18a5d47c8fb;\9af944d0-5eba-4e76-8e02-d18a5d47c8fb.jpg;0/0;
613;9b091416-4418-4ba7-af83-fdd74ad9f8a3;\9b091416-4418-4ba7-af83-fdd74ad9f8a3.jpg;0;
614;9b1ca070-defa-4871-9d4c-04dcb67677f0;\9b1ca070-defa-4871-9d4c-04dcb67677f0.jpg;0;
615;9b92aa70-0a4f-438a-a95b-fc005c652c49;\9b92aa70-0a4f-438a-a95b-fc005c652c49.jpg;0;
616;9b94a55d-e985-4c8a-9fb5-d7d79c68fc1c;\9b94a55d-e985-4c8a-9fb5-d7d79c68fc1c.jpg;1/1;
617;9ba99835-59f3-4ae1-b76b-8e705337daff;\9ba99835-59f3-4ae1-b76b-8e705337daff.jpg;1;
618;9bb6c29f-4bb0-4bc2-acb3-cc165dd7f144;\9bb6c29f-4bb0-4bc2-acb3-cc165dd7f144.jpg;1;
619;9bc3f968-d45c-4470-81d8-1f2873c49012;\9bc3f968-d45c-4470-81d8-1f2873c49012.jpg;0;
620;9c475ae8-64b7-4cea-b7b9-0331d6c04044;\9c475ae8-64b7-4cea-b7b9-0331d6c04044.jpg;1;
621;9c687b68-63e5-493c-b644-7e108765e3bc;\9c687b68-63e5-493c-b644-7e108765e3bc.jpg;1;
622;9d1eaddb-331e-4180-8940-12c3cf53a427;\9d1eaddb-331e-4180-8940-12c3cf53a427.jpg;1;
623;9d6558d5-e1a4-4f4b-93f2-fd78c27ea7ba;\9d6558d5-e1a4-4f4b-93f2-fd78c27ea7ba.jpg;-/1;
624;9d9c9194-a1b1-4c13-96c2-f326414d6251;\9d9c9194-a1b1-4c13-96c2-f326414d6251.jpg;0;
625;9dc00a8d-8c5d-4ab1-816e-d9de2de04321;\9dc00a8d-8c5d-4ab1-816e-d9de2de04321.jpg;0;
626;9de33557-5f3c-4809-8806-6f7a6a628904;\9de33557-5f3c-4809-8806-6f7a6a628904.jpg;0;
627;9e4ea075-3b9f-4ef2-b6ee-52659cb33b2b;\9e4ea075-3b9f-4ef2-b6ee-52659cb33b2b.jpg;1;
628;9e912a52-4f5a-4ace-a117-101fb9e7c6f6;\9e912a52-4f5a-4ace-a117-101fb9e7c6f6.jpg;0;
629;9e99f2cc-cb49-4fa6-aa54-8347dadcc93c;\9e99f2cc-cb49-4fa6-aa54-8347dadcc93c.jpg;0;
630;9ea3ea17-fb55-491c-9c46-98ae7449bad0;\9ea3ea17-fb55-491c-9c46-98ae7449bad0.jpg;0;
631;9ebd9858-9980-466a-b6cc-46d6dbc71ec3;\9ebd9858-9980-466a-b6cc-46d6dbc71ec3.jpg;0;
632;9ef36630-21b9-4dda-a19a-69d9ec393ad7;\9ef36630-21b9-4dda-a19a-69d9ec393ad7.jpg;0;
633;9fa74db8-917c-4b07-a876-b42798940f88;\9fa74db8-917c-4b07-a876-b42798940f88.jpg;1;
634;a00fb3fc-7fcc-426c-9471-1080d04525e2;\a00fb3fc-7fcc-426c-9471-1080d04525e2.jpg;0;
635;a054058b-488e-4ce6-8b02-db7e160a6685;\a054058b-488e-4ce6-8b02-db7e160a6685.jpg;0;
636;a0742f57-91fc-4129-8c36-e8db512bc98b;\a0742f57-91fc-4129-8c36-e8db512bc98b.jpg;0;
637;a08d073b-7719-49c0-ac61-d0c5d64e4bf9;\a08d073b-7719-49c0-ac61-d0c5d64e4bf9.jpg;0;
638;a093760a-7ae4-4fba-bd6c-321b0382f9bf;\a093760a-7ae4-4fba-bd6c-321b0382f9bf.jpg;0;
639;a0d249db-549a-419c-b466-26074845ce17;\a0d249db-549a-419c-b466-26074845ce17.jpg;1;
640;a1f1a0f3-fef7-4fc9-966f-ddf937e96873;\a1f1a0f3-fef7-4fc9-966f-ddf937e96873.jpg;1;
641;a20a69ba-4475-4ccd-8da8-01a977c9e397;\a20a69ba-4475-4ccd-8da8-01a977c9e397.jpg;1;
642;a3018ba3-ac1c-459d-95ac-f22ae5c828fa;\a3018ba3-ac1c-459d-95ac-f22ae5c828fa.jpg;0;
643;a349d851-1a1c-4cb4-a289-8e1c8e79283c;\a349d851-1a1c-4cb4-a289-8e1c8e79283c.jpg;1;
644;a3fb6515-3130-498b-9edf-48691bec54d7;\a3fb6515-3130-498b-9edf-48691bec54d7.jpg;0;
645;a44ac1c5-e191-42a0-8264-0e335eef37b9;\a44ac1c5-e191-42a0-8264-0e335eef37b9.jpg;0;
646;a5223212-21ae-4dde-85f1-c3a1397b2c3d;\a5223212-21ae-4dde-85f1-c3a1397b2c3d.jpg;0;
647;a5753c1a-5423-4e4d-8d73-702d290850f2;\a5753c1a-5423-4e4d-8d73-702d290850f2.jpg;0;
648;a59253d0-27c7-47d7-993f-d7ceefaad5e8;\a59253d0-27c7-47d7-993f-d7ceefaad5e8.jpg;1;
649;a6052ae0-6d48-4fb8-adff-342b6dc8a549;\a6052ae0-6d48-4fb8-adff-342b6dc8a549.jpg;0;
650;a61c9066-b373-43e4-9b87-b009b6ddb348;\a61c9066-b373-43e4-9b87-b009b6ddb348.jpg;1;
651;a64482f2-1dba-44ac-8272-22d038e4bfa0;\a64482f2-1dba-44ac-8272-22d038e4bfa0.jpg;1;
652;a6746656-a6f5-40b4-8dba-8d12a1270d11;\a6746656-a6f5-40b4-8dba-8d12a1270d11.jpg;0;
653;a67f40e9-92a3-4c2b-b649-aec58aea1917;\a67f40e9-92a3-4c2b-b649-aec58aea1917.jpg;0;
654;a6d5ee88-6979-488a-9b95-1b1d5eeb897c;\a6d5ee88-6979-488a-9b95-1b1d5eeb897c.jpg;1;
655;a6ef1e1b-3012-4910-88e1-c1a10df54bba;\a6ef1e1b-3012-4910-88e1-c1a10df54bba.jpg;1;
656;a75969b2-2d34-415e-9b9b-eb2c124f15ab;\a75969b2-2d34-415e-9b9b-eb2c124f15ab.jpg;0;
657;a75cfffb-6ee5-4eb9-bdba-4a31de9a8d1c;\a75cfffb-6ee5-4eb9-bdba-4a31de9a8d1c.jpg;0;
658;a7ec93c7-7a46-42d5-814a-5fce183e46b0;\a7ec93c7-7a46-42d5-814a-5fce183e46b0.jpg;1/0;
659;a845f9c0-f5ec-4fdf-a218-2287fe501387;\a845f9c0-f5ec-4fdf-a218-2287fe501387.jpg;0;
660;a8527d2c-f06a-4f2c-923a-6fd544cb956f;\a8527d2c-f06a-4f2c-923a-6fd544cb956f.jpg;1/0;
661;a87c8c4e-5520-450c-8b1c-73f9d2ae3bd1;\a87c8c4e-5520-450c-8b1c-73f9d2ae3bd1.jpg;0;
662;a87dec18-9943-4315-bd62-09ea03b390b6;\a87dec18-9943-4315-bd62-09ea03b390b6.jpg;0;
663;a8c6d8fa-13c6-4f83-a19c-32329112d2a2;\a8c6d8fa-13c6-4f83-a19c-32329112d2a2.jpg;1;
664;a8eec594-561c-49c6-bae1-6803b42d8415;\a8eec594-561c-49c6-bae1-6803b42d8415.jpg;0;
665;a95a8470-b05b-4889-8277-cd2f365ce9bf;\a95a8470-b05b-4889-8277-cd2f365ce9bf.jpg;0;
666;a978f9a2-69ec-4c89-9227-0bd0213a20db;\a978f9a2-69ec-4c89-9227-0bd0213a20db.jpg;0;
667;aa0f9557-5e40-49a4-9ebc-8c205344973e;\aa0f9557-5e40-49a4-9ebc-8c205344973e.jpg;0;
668;aa14e18c-8615-49c1-b8be-4033cd56f2a1;\aa14e18c-8615-49c1-b8be-4033cd56f2a1.jpg;0;
669;aa6747fc-2f7c-49ca-a910-fc48455deb81;\aa6747fc-2f7c-49ca-a910-fc48455deb81.jpg;0;
670;aaaf77fa-6739-4532-adcf-6aa7b7028f3a;\aaaf77fa-6739-4532-adcf-6aa7b7028f3a.jpg;1;
671;aab108ef-095c-410f-bb8c-f7edec27ff59;\aab108ef-095c-410f-bb8c-f7edec27ff59.jpg;1;
672;ab44b890-3c26-48f0-9a43-bb1ee95055ba;\ab44b890-3c26-48f0-9a43-bb1ee95055ba.jpg;0;
673;ab8f9354-88f0-46b6-9f4c-7f6856493113;\ab8f9354-88f0-46b6-9f4c-7f6856493113.jpg;0;
674;ab97a48b-ac2e-47f8-8be0-5f62537919d9;\ab97a48b-ac2e-47f8-8be0-5f62537919d9.jpg;0;
675;abc51f7b-3e17-48c8-8abe-2ea18e898948;\abc51f7b-3e17-48c8-8abe-2ea18e898948.jpg;0/1;
676;ac0399ef-410c-4cfe-a418-cc4cf4d45210;\ac0399ef-410c-4cfe-a418-cc4cf4d45210.jpg;0;
677;acb4eaeb-1bef-415a-b319-105ac7d3e019;\acb4eaeb-1bef-415a-b319-105ac7d3e019.jpg;0;
678;acb7236e-a2a7-4aea-a2ce-9cfcf44be844;\acb7236e-a2a7-4aea-a2ce-9cfcf44be844.jpg;0;
679;ad2766b4-a7b8-4fe4-9203-efa14af08ae8;\ad2766b4-a7b8-4fe4-9203-efa14af08ae8.jpg;0;
680;ad2c114b-aab0-4553-9f13-d43cac7c23e2;\ad2c114b-aab0-4553-9f13-d43cac7c23e2.jpg;1;
681;ad8a3195-ef9d-4ad7-b5de-44d72f257158;\ad8a3195-ef9d-4ad7-b5de-44d72f257158.jpg;1;
682;ada1c634-cc64-4f87-aa8a-0a8fed114d53;\ada1c634-cc64-4f87-aa8a-0a8fed114d53.jpg;1;
683;adbd8034-1983-4902-bdc2-f2a5748d574b;\adbd8034-1983-4902-bdc2-f2a5748d574b.jpg;0;
684;ade5943b-6648-40b5-b540-5f5eb347d838;\ade5943b-6648-40b5-b540-5f5eb347d838.jpg;0;
685;ae5e0b6b-aa0c-4a8a-a3cd-dd7c75740c0c;\ae5e0b6b-aa0c-4a8a-a3cd-dd7c75740c0c.jpg;1;
686;af20f248-9863-425c-92a0-1a3cc55073c7;\af20f248-9863-425c-92a0-1a3cc55073c7.jpg;0;
687;af284de8-5186-40c3-b306-162af0542987;\af284de8-5186-40c3-b306-162af0542987.jpg;1;
688;af4125e4-2869-4c4f-b0ed-0c622e818316;\af4125e4-2869-4c4f-b0ed-0c622e818316.jpg;0;
689;afb0428f-d2c6-4c83-ae46-c6ba4275a57d;\afb0428f-d2c6-4c83-ae46-c6ba4275a57d.jpg;0;
690;b05a973c-3c24-477a-a170-7861e5cd22c5;\b05a973c-3c24-477a-a170-7861e5cd22c5.jpg;0;
691;b1062c5b-8cad-4132-9196-f2cfffde3d39;\b1062c5b-8cad-4132-9196-f2cfffde3d39.jpg;0;
692;b10a637c-003b-496d-b553-3901a2effc91;\b10a637c-003b-496d-b553-3901a2effc91.jpg;1;
693;b15af025-be4c-4369-836d-5ce5dad6f678;\b15af025-be4c-4369-836d-5ce5dad6f678.jpg;0;
694;b1824770-af72-4ebc-9982-b31e0fef73ac;\b1824770-af72-4ebc-9982-b31e0fef73ac.jpg;1;
695;b197b38b-dc0f-4922-8941-6af3d1890d4a;\b197b38b-dc0f-4922-8941-6af3d1890d4a.jpg;0;
696;b1ce2e6f-747b-4034-a595-8905de787854;\b1ce2e6f-747b-4034-a595-8905de787854.jpg;0;
697;b232b7f7-0286-4a22-be9b-27ab724b67f1;\b232b7f7-0286-4a22-be9b-27ab724b67f1.jpg;0;
698;b2939052-a859-4478-92d6-ba0219d2a44f;\b2939052-a859-4478-92d6-ba0219d2a44f.jpg;0;
699;b33b57d7-3a63-4d26-9545-a49e071275ac;\b33b57d7-3a63-4d26-9545-a49e071275ac.jpg;1;
700;b34911c4-01c7-4634-886c-d69e72a5ea14;\b34911c4-01c7-4634-886c-d69e72a5ea14.jpg;0;
701;b34e3594-f6ae-4d6f-9b36-183c339c3f2b;\b34e3594-f6ae-4d6f-9b36-183c339c3f2b.jpg;0;
702;b395ae35-b173-43e6-b94b-7d537209dfaf;\b395ae35-b173-43e6-b94b-7d537209dfaf.jpg;1;
703;b3984555-b3b6-4f20-946c-91fe8582fb75;\b3984555-b3b6-4f20-946c-91fe8582fb75.jpg;1;
704;b3ca6a82-191e-48f6-a6e3-5487f69ff8d4;\b3ca6a82-191e-48f6-a6e3-5487f69ff8d4.jpg;0;
705;b3f76fb9-9567-43df-b529-1e02f674c4f9;\b3f76fb9-9567-43df-b529-1e02f674c4f9.jpg;0;
706;b4060312-6161-4c96-a438-627fab7c018e;\b4060312-6161-4c96-a438-627fab7c018e.jpg;0;
707;b421bb77-dcb1-4f1d-bbdf-e51f0bb41893;\b421bb77-dcb1-4f1d-bbdf-e51f0bb41893.jpg;0;
708;b43c92c9-185c-4182-b461-7c87de6d5471;\b43c92c9-185c-4182-b461-7c87de6d5471.jpg;0;
709;b4501e0c-fca4-4d71-9183-99e9336d3c83;\b4501e0c-fca4-4d71-9183-99e9336d3c83.jpg;0;
710;b47a49a2-99a3-4be3-8ed8-991f87c7d2a1;\b47a49a2-99a3-4be3-8ed8-991f87c7d2a1.jpg;0;
711;b51e06f8-081d-4f25-8025-a7ac09d830e0;\b51e06f8-081d-4f25-8025-a7ac09d830e0.jpg;0;
712;b5d4fb3d-f5bf-4e4d-aeec-2bf96a37af9e;\b5d4fb3d-f5bf-4e4d-aeec-2bf96a37af9e.jpg;0;
713;b6136a0c-13cd-4111-b5b8-96ff2085b4c9;\b6136a0c-13cd-4111-b5b8-96ff2085b4c9.jpg;0;
714;b6d1a05b-52bb-4bf1-9267-7865f53cd8de;\b6d1a05b-52bb-4bf1-9267-7865f53cd8de.jpg;1;
715;b6ede93c-b6ef-4277-a729-e959e7dd7a06;\b6ede93c-b6ef-4277-a729-e959e7dd7a06.jpg;0;
716;b7e15e6c-399f-4942-8737-fe05f3f85ba0;\b7e15e6c-399f-4942-8737-fe05f3f85ba0.jpg;0;
717;b801ee21-a7aa-4fea-881c-8c06985d9457;\b801ee21-a7aa-4fea-881c-8c06985d9457.jpg;0;
718;b84e1c7e-6b7e-4c6a-97b9-94fce468a553;\b84e1c7e-6b7e-4c6a-97b9-94fce468a553.jpg;1;
719;b8585c83-a63d-4966-8c09-99fea51a601b;\b8585c83-a63d-4966-8c09-99fea51a601b.jpg;1;
720;b8dab191-bb3e-4fbf-93f6-6d244c527037;\b8dab191-bb3e-4fbf-93f6-6d244c527037.jpg;0;
721;b8e5d583-0043-4d6f-8ce1-c0944df2de55;\b8e5d583-0043-4d6f-8ce1-c0944df2de55.jpg;0;
722;b93afccc-8cd4-40d1-9078-76acefb12645;\b93afccc-8cd4-40d1-9078-76acefb12645.jpg;1;
723;b97f2fe2-d44f-405d-b116-15fa2ce1a88e;\b97f2fe2-d44f-405d-b116-15fa2ce1a88e.jpg;1;
724;baf100a5-c288-43a3-8342-580fc4ae858e;\baf100a5-c288-43a3-8342-580fc4ae858e.jpg;0/1;
725;bc1102ce-1f04-4b24-916a-471a2aa96a39;\bc1102ce-1f04-4b24-916a-471a2aa96a39.jpg;1;
726;bc7db24a-b476-4c49-882e-42bab20b545e;\bc7db24a-b476-4c49-882e-42bab20b545e.jpg;0;
727;bd09c53b-3230-42f1-9685-863bda85fa70;\bd09c53b-3230-42f1-9685-863bda85fa70.jpg;1;
728;bd318f83-ed55-4513-a82a-f691328ba95b;\bd318f83-ed55-4513-a82a-f691328ba95b.jpg;1;
729;bd3fe834-f7f0-4396-8ce5-8f652a8bb819;\bd3fe834-f7f0-4396-8ce5-8f652a8bb819.jpg;0;
730;bd5d13ce-f378-4cf7-b495-88b1b323513d;\bd5d13ce-f378-4cf7-b495-88b1b323513d.jpg;1;
731;bd6322d7-f1e3-4aa2-81ba-65c756f82d65;\bd6322d7-f1e3-4aa2-81ba-65c756f82d65.jpg;0;
732;bd8231a5-9ae8-4485-8164-bad1078cecf4;\bd8231a5-9ae8-4485-8164-bad1078cecf4.jpg;1;
733;bdb44e14-df58-4e33-885e-77d501fae138;\bdb44e14-df58-4e33-885e-77d501fae138.jpg;1;
734;be278ef6-2579-485a-bd65-6e18693c1e2c;\be278ef6-2579-485a-bd65-6e18693c1e2c.jpg;1;
735;be512e91-c427-49e2-a517-aeab9a05762a;\be512e91-c427-49e2-a517-aeab9a05762a.jpg;0;
736;beda023f-2fc4-426f-b3b9-ff32ed886caf;\beda023f-2fc4-426f-b3b9-ff32ed886caf.jpg;-/1;
737;bf6d196b-d691-471f-8cda-c677787baf96;\bf6d196b-d691-471f-8cda-c677787baf96.jpg;0/1;
738;bf7c1ee6-e9a6-4e69-a307-0dbffae69a35;\bf7c1ee6-e9a6-4e69-a307-0dbffae69a35.jpg;0;
739;c02afb5b-55f7-407c-a68e-bb119f22283a;\c02afb5b-55f7-407c-a68e-bb119f22283a.jpg;1;
740;c0301e43-388c-4c1b-98bc-cbd28ef3f3b8;\c0301e43-388c-4c1b-98bc-cbd28ef3f3b8.jpg;1;
741;c0446805-48cf-4d5f-a1a7-37a9fb4993c6;\c0446805-48cf-4d5f-a1a7-37a9fb4993c6.jpg;0;
742;c06e52a7-f703-4b19-865a-c54e4ac94131;\c06e52a7-f703-4b19-865a-c54e4ac94131.jpg;0/0;
743;c0b219ef-707e-4b94-8ad8-784cd8abd504;\c0b219ef-707e-4b94-8ad8-784cd8abd504.jpg;1;
744;c0d6f234-8460-4417-a84f-919faa18e1f1;\c0d6f234-8460-4417-a84f-919faa18e1f1.jpg;1;
745;c110d402-da37-42dc-9f7a-c76e91d75b5b;\c110d402-da37-42dc-9f7a-c76e91d75b5b.jpg;0;
746;c187e9d0-b11e-4c52-b4ac-866c0ed67f73;\c187e9d0-b11e-4c52-b4ac-866c0ed67f73.jpg;0;
747;c1c382cf-4cf0-470f-9b30-a253906a331c;\c1c382cf-4cf0-470f-9b30-a253906a331c.jpg;0;
748;c1d7c676-aaa2-4c06-9962-ab86566017c3;\c1d7c676-aaa2-4c06-9962-ab86566017c3.jpg;1;
749;c211e7bb-ac59-41ad-9753-db035748125b;\c211e7bb-ac59-41ad-9753-db035748125b.jpg;1;
750;c21337ed-bca6-4eec-ae2f-b979f792b860;\c21337ed-bca6-4eec-ae2f-b979f792b860.jpg;0;
751;c2155b5f-ec17-4b46-8811-0e005ccefaae;\c2155b5f-ec17-4b46-8811-0e005ccefaae.jpg;1;
752;c23b2824-67fa-4330-a9bd-1fe2885c9586;\c23b2824-67fa-4330-a9bd-1fe2885c9586.jpg;0;
753;c30c57dd-80ef-4b12-8e2e-81f6648385c7;\c30c57dd-80ef-4b12-8e2e-81f6648385c7.jpg;0;
754;c33ada8e-087c-4b9d-95f0-60b9ea0ebc18;\c33ada8e-087c-4b9d-95f0-60b9ea0ebc18.jpg;1;
755;c34e4ce3-05e6-45d0-87b1-eafc3eb3ac98;\c34e4ce3-05e6-45d0-87b1-eafc3eb3ac98.jpg;1;
756;c3872fdc-ec7c-4e51-87ee-82874cd9d6e1;\c3872fdc-ec7c-4e51-87ee-82874cd9d6e1.jpg;0;
757;c3be1b3f-9540-4284-95ef-d90af4d6e31b;\c3be1b3f-9540-4284-95ef-d90af4d6e31b.jpg;0;
758;c47c47af-1842-4c27-8d06-27d52d60932f;\c47c47af-1842-4c27-8d06-27d52d60932f.jpg;0;
759;c4a19b50-2971-43ba-80b0-0ed4fd61ded3;\c4a19b50-2971-43ba-80b0-0ed4fd61ded3.jpg;0;
760;c4bd0c4a-895d-4dd4-b935-ba7b8c9a8eaf;\c4bd0c4a-895d-4dd4-b935-ba7b8c9a8eaf.jpg;1/1/1;
761;c5205189-b010-4032-a5b6-da4c070d19ca;\c5205189-b010-4032-a5b6-da4c070d19ca.jpg;0;
762;c5310e68-4bd9-4c53-8ece-7085abb860d7;\c5310e68-4bd9-4c53-8ece-7085abb860d7.jpg;0;
763;c563feef-64f0-4789-8bd6-abfc59056249;\c563feef-64f0-4789-8bd6-abfc59056249.jpg;0/0;
764;c58c5ac0-757a-4e63-b111-717b5ee2f8c4;\c58c5ac0-757a-4e63-b111-717b5ee2f8c4.jpg;0;
765;c5e15d76-721e-4706-9727-d773180a473f;\c5e15d76-721e-4706-9727-d773180a473f.jpg;0;
766;c6241126-792e-4115-a660-941115eb017d;\c6241126-792e-4115-a660-941115eb017d.jpg;0;
767;c651d392-1a08-4455-9c2a-52f1cc70afe2;\c651d392-1a08-4455-9c2a-52f1cc70afe2.jpg;1;
768;c6c55b35-0149-4930-96f9-12b7d895b859;\c6c55b35-0149-4930-96f9-12b7d895b859.jpg;0;
769;c75900b4-3c64-4cca-8f16-4d70e1f2cb3f;\c75900b4-3c64-4cca-8f16-4d70e1f2cb3f.jpg;0;
770;c805fda5-6254-405b-8156-b418a73a414d;\c805fda5-6254-405b-8156-b418a73a414d.jpg;0;
771;c8d83ab5-7f1f-406f-b4d2-873b3165ac6a;\c8d83ab5-7f1f-406f-b4d2-873b3165ac6a.jpg;0;
772;c8e6fd17-5f53-4823-b891-78560426017e;\c8e6fd17-5f53-4823-b891-78560426017e.jpg;0;
773;c9c64ecc-63a8-4604-9bcc-08ddb93716ae;\c9c64ecc-63a8-4604-9bcc-08ddb93716ae.jpg;0;
774;c9fea8fa-a64e-41da-93b4-fe4addecce6d;\c9fea8fa-a64e-41da-93b4-fe4addecce6d.jpg;1;
775;ca3bd8d5-0fc4-4da8-8dcc-4c808a97960c;\ca3bd8d5-0fc4-4da8-8dcc-4c808a97960c.jpg;0;
776;ca875c32-5e25-46f6-8ab8-559f4ba9562c;\ca875c32-5e25-46f6-8ab8-559f4ba9562c.jpg;0;
777;cab5c4a9-8497-4c2f-944b-09d7fa7726a4;\cab5c4a9-8497-4c2f-944b-09d7fa7726a4.jpg;0;
778;cada9916-b365-4696-beed-2bb9523c8f7f;\cada9916-b365-4696-beed-2bb9523c8f7f.jpg;1;
779;caf6a194-afa4-4515-ad5d-ec1e152a586d;\caf6a194-afa4-4515-ad5d-ec1e152a586d.jpg;0;
780;cb08ee33-1250-492f-8267-ec0b47c2223f;\cb08ee33-1250-492f-8267-ec0b47c2223f.jpg;1;
781;cb1b262d-e2ea-48c7-b6ea-74a11b144bb8;\cb1b262d-e2ea-48c7-b6ea-74a11b144bb8.jpg;0;
782;cb1b2f88-a632-47c9-94e3-876157d8d2fa;\cb1b2f88-a632-47c9-94e3-876157d8d2fa.jpg;0;
783;cb39f88c-791c-42d1-8021-cf9d06442d29;\cb39f88c-791c-42d1-8021-cf9d06442d29.jpg;1;
784;cb4bc8dd-42a9-4ff5-a53f-ebdc4aef6820;\cb4bc8dd-42a9-4ff5-a53f-ebdc4aef6820.jpg;1;
785;cb7cd53d-a802-4973-a8e8-d5eefa366ca7;\cb7cd53d-a802-4973-a8e8-d5eefa366ca7.jpg;0;
786;cc296994-0318-4714-9404-0f3bb6651e34;\cc296994-0318-4714-9404-0f3bb6651e34.jpg;1;
787;cc6d921e-ec44-4a07-8097-a951d40ad568;\cc6d921e-ec44-4a07-8097-a951d40ad568.jpg;0;
788;ccaf1f2d-2bbc-440e-add3-f393e1606581;\ccaf1f2d-2bbc-440e-add3-f393e1606581.jpg;0;
789;cda4fb9b-f8fc-43ca-af74-ef359456d4f9;\cda4fb9b-f8fc-43ca-af74-ef359456d4f9.jpg;0;
790;cdb0d9b6-ba8f-4a67-a89f-ef7ea4af74f4;\cdb0d9b6-ba8f-4a67-a89f-ef7ea4af74f4.jpg;0;
791;cdba6fff-fcf0-422f-b85a-3f5b613d31fb;\cdba6fff-fcf0-422f-b85a-3f5b613d31fb.jpg;0;
792;cdbe5bd4-1e79-4e27-9173-a004af34cd7d;\cdbe5bd4-1e79-4e27-9173-a004af34cd7d.jpg;1;
793;ce423c1f-9fd2-4658-930d-9efd67e5b6ce;\ce423c1f-9fd2-4658-930d-9efd67e5b6ce.jpg;0;
794;ce726853-a524-4126-8f47-317c84be6d6f;\ce726853-a524-4126-8f47-317c84be6d6f.jpg;0;
795;ce7f445f-7131-4859-b9e6-a8d8aecd614a;\ce7f445f-7131-4859-b9e6-a8d8aecd614a.jpg;0;
796;cef0bc22-7164-40b7-90a8-e6eea61d5dab;\cef0bc22-7164-40b7-90a8-e6eea61d5dab.jpg;0/1;
797;cf0ce2f3-77c5-4727-a406-7ea62c8dcce6;\cf0ce2f3-77c5-4727-a406-7ea62c8dcce6.jpg;0;
798;cf0fbed5-ac94-4c0c-aaf8-03d30bbeb601;\cf0fbed5-ac94-4c0c-aaf8-03d30bbeb601.jpg;1;
799;cf31e588-c78d-42c8-bece-4cbd9c65fc78;\cf31e588-c78d-42c8-bece-4cbd9c65fc78.jpg;0;
800;cfb237fb-525c-4f01-ad8d-9b3ad9e09c75;\cfb237fb-525c-4f01-ad8d-9b3ad9e09c75.jpg;0;
801;cfb72c84-66d0-439d-ba00-1e5aa54d8758;\cfb72c84-66d0-439d-ba00-1e5aa54d8758.jpg;0;
802;d01e33eb-726d-4092-975b-eaaab9d10363;\d01e33eb-726d-4092-975b-eaaab9d10363.jpg;1;
803;d0239e94-6425-482f-9bb4-915ba42026db;\d0239e94-6425-482f-9bb4-915ba42026db.jpg;0;
804;d023c028-d11b-4761-b501-6211d2143297;\d023c028-d11b-4761-b501-6211d2143297.jpg;0;
805;d04f9b15-ac71-4773-9f64-168e7f60ace7;\d04f9b15-ac71-4773-9f64-168e7f60ace7.jpg;1;
806;d07e9e4f-2c8c-4c38-a9ce-fc856104078a;\d07e9e4f-2c8c-4c38-a9ce-fc856104078a.jpg;0;
807;d1161124-157e-459a-8862-ae1542dbf0f9;\d1161124-157e-459a-8862-ae1542dbf0f9.jpg;0;
808;d13eaed8-3ad3-4dee-8a2d-e06540e48ead;\d13eaed8-3ad3-4dee-8a2d-e06540e48ead.jpg;0;
809;d14e8cff-0642-4b09-83aa-c79490fbc9c3;\d14e8cff-0642-4b09-83aa-c79490fbc9c3.jpg;1;
810;d1951245-5db2-45af-a01a-b11d492fdbbd;\d1951245-5db2-45af-a01a-b11d492fdbbd.jpg;1/0;
811;d24f743e-361e-40f5-a638-c6779c99e03b;\d24f743e-361e-40f5-a638-c6779c99e03b.jpg;1;
812;d2a45709-6780-4633-8503-35f01acb30e1;\d2a45709-6780-4633-8503-35f01acb30e1.jpg;1;
813;d34efe08-7b87-4c67-9343-9d398b56d0f8;\d34efe08-7b87-4c67-9343-9d398b56d0f8.jpg;0;
814;d35f885b-d708-4117-9999-570dd35d588a;\d35f885b-d708-4117-9999-570dd35d588a.jpg;1;
815;d3bcbc44-db08-4382-aa52-43fa8c79f748;\d3bcbc44-db08-4382-aa52-43fa8c79f748.jpg;0;
816;d4877345-c14d-4158-864b-08f743e74ab0;\d4877345-c14d-4158-864b-08f743e74ab0.jpg;0;
817;d4a40c99-e06e-47bb-9c1c-ebb40c9d7312;\d4a40c99-e06e-47bb-9c1c-ebb40c9d7312.jpg;1;
818;d4dcee67-b1f5-4569-8a2a-602eb355407b;\d4dcee67-b1f5-4569-8a2a-602eb355407b.jpg;1;
819;d4e6e875-bbba-4121-975a-7f9b0d30b369;\d4e6e875-bbba-4121-975a-7f9b0d30b369.jpg;1;
820;d50fcefa-c5ac-471f-9bee-a4140990ad31;\d50fcefa-c5ac-471f-9bee-a4140990ad31.jpg;0;
821;d54e0974-5e72-4384-9ded-0f75abfa9939;\d54e0974-5e72-4384-9ded-0f75abfa9939.jpg;0;
822;d5f83a8f-5040-4416-a6dd-ce3c3f7a0a71;\d5f83a8f-5040-4416-a6dd-ce3c3f7a0a71.jpg;0;
823;d6157bca-f183-4a29-9927-e1953c1116f1;\d6157bca-f183-4a29-9927-e1953c1116f1.jpg;0;
824;d62470bd-176b-4b2e-9429-e0be0be99c81;\d62470bd-176b-4b2e-9429-e0be0be99c81.jpg;1;
825;d69623ab-2a59-4f9d-8cc3-214dc015984c;\d69623ab-2a59-4f9d-8cc3-214dc015984c.jpg;0;
826;d6d9e90f-1068-415d-b3f5-bbd33adac831;\d6d9e90f-1068-415d-b3f5-bbd33adac831.jpg;0;
827;d6f1e82a-e6ae-4ecb-bab0-7182942e082b;\d6f1e82a-e6ae-4ecb-bab0-7182942e082b.jpg;1;
828;d73c3665-0998-4bee-b926-e747c689aea3;\d73c3665-0998-4bee-b926-e747c689aea3.jpg;1;
829;d7df6c0f-afd4-4e9d-b089-5062bb06d41f;\d7df6c0f-afd4-4e9d-b089-5062bb06d41f.jpg;0;
830;d82aabd2-3bf9-452a-95f3-9f42a0d81ab7;\d82aabd2-3bf9-452a-95f3-9f42a0d81ab7.jpg;1;
831;d89cbc69-8194-408d-a529-bb2607c81b2a;\d89cbc69-8194-408d-a529-bb2607c81b2a.jpg;0;
832;d92db917-3602-4d5b-9121-491ae0dd8507;\d92db917-3602-4d5b-9121-491ae0dd8507.jpg;0;
833;d9bc8c3f-d39c-48f8-a00f-ee0bed848146;\d9bc8c3f-d39c-48f8-a00f-ee0bed848146.jpg;0;
834;da07dab6-4f1b-4566-8502-b29e63ba450c;\da07dab6-4f1b-4566-8502-b29e63ba450c.jpg;1;
835;da864d23-72d5-493b-a86d-b7496da194d0;\da864d23-72d5-493b-a86d-b7496da194d0.jpg;1;
836;da959e6a-362e-4d81-9ee3-24b29cecafde;\da959e6a-362e-4d81-9ee3-24b29cecafde.jpg;0;
837;dae9bea8-b2b4-4232-813b-0ee1d8813beb;\dae9bea8-b2b4-4232-813b-0ee1d8813beb.jpg;1;
838;db0cf991-0fee-4183-bae7-328da66dcb09;\db0cf991-0fee-4183-bae7-328da66dcb09.jpg;0;
839;db405d01-f0ac-4c41-86e2-b1ca5be92036;\db405d01-f0ac-4c41-86e2-b1ca5be92036.jpg;0;
840;dbb03748-4ce0-4d94-af0c-8c1a41b00491;\dbb03748-4ce0-4d94-af0c-8c1a41b00491.jpg;0;
841;dbbb414f-f6ba-4c01-939d-043e539434e1;\dbbb414f-f6ba-4c01-939d-043e539434e1.jpg;1;
842;dbdb43e7-4c18-4ca8-a2f1-1b71fcf25f63;\dbdb43e7-4c18-4ca8-a2f1-1b71fcf25f63.jpg;1;
843;dbe75db0-de30-4c7b-b563-d6533597e3b5;\dbe75db0-de30-4c7b-b563-d6533597e3b5.jpg;1;
844;dbf6d3a2-ab29-4c81-8b37-ace40a91e0e6;\dbf6d3a2-ab29-4c81-8b37-ace40a91e0e6.jpg;1;
845;dc1a5a15-be4e-4c1e-9969-1488564c9a4f;\dc1a5a15-be4e-4c1e-9969-1488564c9a4f.jpg;0;
846;dc3d8482-5752-400c-8c28-c776eafdf29c;\dc3d8482-5752-400c-8c28-c776eafdf29c.jpg;0;
847;dc9c5a4d-1a2e-44c6-b822-2c00619bc8d2;\dc9c5a4d-1a2e-44c6-b822-2c00619bc8d2.jpg;1;
848;dcb1516e-b9d7-4287-8854-c13401fe17f3;\dcb1516e-b9d7-4287-8854-c13401fe17f3.jpg;0;
849;dcf44795-36b9-4fd8-9b36-3a10ce1cfdc7;\dcf44795-36b9-4fd8-9b36-3a10ce1cfdc7.jpg;0;
850;dd3c946d-3cf8-4288-a71e-bafd7e6d0207;\dd3c946d-3cf8-4288-a71e-bafd7e6d0207.jpg;0/0;
851;dd7e02da-2bcf-4f85-91fd-d38edd27b623;\dd7e02da-2bcf-4f85-91fd-d38edd27b623.jpg;0;
852;ddb826a5-db7d-47a5-9cbf-0fd7dd513509;\ddb826a5-db7d-47a5-9cbf-0fd7dd513509.jpg;0;
853;ddb9268f-57c2-4aba-a4f6-46a4a3567156;\ddb9268f-57c2-4aba-a4f6-46a4a3567156.jpg;0;
854;dde70b10-6db5-43f7-9e4c-35bbe5202382;\dde70b10-6db5-43f7-9e4c-35bbe5202382.jpg;0;
855;de7bd6ab-2c2f-49fa-92c2-11346f619fde;\de7bd6ab-2c2f-49fa-92c2-11346f619fde.jpg;0;
856;df06f384-09e1-4085-890f-6289f1e5d03a;\df06f384-09e1-4085-890f-6289f1e5d03a.jpg;0;
857;df198bbc-9513-443f-92bb-700d07c34042;\df198bbc-9513-443f-92bb-700d07c34042.jpg;0;
858;df8b8f85-66ae-4a6e-bcfa-15afdda8feac;\df8b8f85-66ae-4a6e-bcfa-15afdda8feac.jpg;0;
859;df9bd8ef-ba15-4956-ae99-e3c5b43d9663;\df9bd8ef-ba15-4956-ae99-e3c5b43d9663.jpg;0;
860;dfce3ad5-1f61-4c14-8303-ab858404640b;\dfce3ad5-1f61-4c14-8303-ab858404640b.jpg;0;
861;dfe8a733-f375-428a-ba5c-704a3d7ceea7;\dfe8a733-f375-428a-ba5c-704a3d7ceea7.jpg;0;
862;e0361fcc-b488-4638-979b-ca40f795e71f;\e0361fcc-b488-4638-979b-ca40f795e71f.jpg;0/0;
863;e060046a-0d01-40a0-97c6-338204da9c2b;\e060046a-0d01-40a0-97c6-338204da9c2b.jpg;0;
864;e09ead9e-9796-4182-9dba-614ab9a177a4;\e09ead9e-9796-4182-9dba-614ab9a177a4.jpg;0;
865;e10b6596-133f-4057-8b40-78f022ba3053;\e10b6596-133f-4057-8b40-78f022ba3053.jpg;0;
866;e12e66e8-5c8b-484b-a015-4249d03c55e4;\e12e66e8-5c8b-484b-a015-4249d03c55e4.jpg;1/0;
867;e1461764-21c4-4c69-9b8c-7520bdd15403;\e1461764-21c4-4c69-9b8c-7520bdd15403.jpg;1;
868;e1501198-aecc-480d-97f5-4d388b41ddbe;\e1501198-aecc-480d-97f5-4d388b41ddbe.jpg;1;
869;e15375bd-4e9c-44f1-bdb6-cb4fddd9a60a;\e15375bd-4e9c-44f1-bdb6-cb4fddd9a60a.jpg;0;
870;e1a2ace4-a218-435e-b2ae-7f686ffd3f52;\e1a2ace4-a218-435e-b2ae-7f686ffd3f52.jpg;0;
871;e1e0b34d-295e-4a01-b6de-e769da335068;\e1e0b34d-295e-4a01-b6de-e769da335068.jpg;1;
872;e1e9434d-25c6-47bb-98e1-6c6020c58855;\e1e9434d-25c6-47bb-98e1-6c6020c58855.jpg;0;
873;e224d1e8-ca69-4d63-9754-1b2d4fbd73e4;\e224d1e8-ca69-4d63-9754-1b2d4fbd73e4.jpg;1;
874;e24d6dc7-7795-44c6-a008-6b2a137dfc1b;\e24d6dc7-7795-44c6-a008-6b2a137dfc1b.jpg;0;
875;e2b5886f-7e3e-416a-b5b6-0dcf2809bc0e;\e2b5886f-7e3e-416a-b5b6-0dcf2809bc0e.jpg;0;
876;e2b84d8a-97fc-4fcb-8b04-2698111efef9;\e2b84d8a-97fc-4fcb-8b04-2698111efef9.jpg;1;
877;e2d6914c-2226-4239-86d4-43872a543175;\e2d6914c-2226-4239-86d4-43872a543175.jpg;1;
878;e2d6e42b-ee4d-4850-bf58-8cc67bf0a47f;\e2d6e42b-ee4d-4850-bf58-8cc67bf0a47f.jpg;0;
879;e2ea4001-fee2-415f-bcb5-7b5c67a2aec2;\e2ea4001-fee2-415f-bcb5-7b5c67a2aec2.jpg;0;
880;e3111b20-09c7-4a82-aebf-7a48b59cfacf;\e3111b20-09c7-4a82-aebf-7a48b59cfacf.jpg;0;
881;e31e675a-aec6-417b-8e72-74a67764375c;\e31e675a-aec6-417b-8e72-74a67764375c.jpg;1/1;
882;e33ab631-f8a0-42ce-b342-e5553f54f9ee;\e33ab631-f8a0-42ce-b342-e5553f54f9ee.jpg;1;
883;e33cab5b-87c6-4c4b-94c7-a815ace25bc5;\e33cab5b-87c6-4c4b-94c7-a815ace25bc5.jpg;1;
884;e3548568-1839-48f7-8054-dc087de09299;\e3548568-1839-48f7-8054-dc087de09299.jpg;1;
885;e37b3837-805d-4676-9c43-9bfff37b3a85;\e37b3837-805d-4676-9c43-9bfff37b3a85.jpg;1;
886;e38826cb-32b4-4a23-a958-1e48fb50eee0;\e38826cb-32b4-4a23-a958-1e48fb50eee0.jpg;0;
887;e38e63b8-15d8-4902-ab6b-0c8e00b4a1dc;\e38e63b8-15d8-4902-ab6b-0c8e00b4a1dc.jpg;0;
888;e3af2ad1-8505-4d9e-bdc8-2f244bd19bce;\e3af2ad1-8505-4d9e-bdc8-2f244bd19bce.jpg;1;
889;e423a4ff-fb85-4a0a-bcd5-767cfec8e779;\e423a4ff-fb85-4a0a-bcd5-767cfec8e779.jpg;0;
890;e4abdbe0-baa1-40ce-b1f3-4151d5dc2063;\e4abdbe0-baa1-40ce-b1f3-4151d5dc2063.jpg;1;
891;e4ce44cf-0b67-42a4-a00c-9e7b075736b8;\e4ce44cf-0b67-42a4-a00c-9e7b075736b8.jpg;0;
892;e531a359-e493-45a9-bbc2-12d97e18b4df;\e531a359-e493-45a9-bbc2-12d97e18b4df.jpg;0;
893;e581060f-98ba-47a1-9d9b-ad8574a86b0f;\e581060f-98ba-47a1-9d9b-ad8574a86b0f.jpg;0;
894;e5d168aa-847e-40f4-9294-c35b33e1b374;\e5d168aa-847e-40f4-9294-c35b33e1b374.jpg;1;
895;e64088e1-e332-4742-8b97-a56c3e6664fe;\e64088e1-e332-4742-8b97-a56c3e6664fe.jpg;1;
896;e64846a3-c3b0-4491-a380-6227da89f4dd;\e64846a3-c3b0-4491-a380-6227da89f4dd.jpg;0;
897;e65c0786-da57-46fa-9857-4ab9850b7df3;\e65c0786-da57-46fa-9857-4ab9850b7df3.jpg;0;
898;e690ac49-9403-417b-9793-191d9d151829;\e690ac49-9403-417b-9793-191d9d151829.jpg;0;
899;e6b26180-5f1a-486a-92c6-736461d9064f;\e6b26180-5f1a-486a-92c6-736461d9064f.jpg;0;
900;e6e048f3-227e-4ad5-9228-9431100cd531;\e6e048f3-227e-4ad5-9228-9431100cd531.jpg;1;
901;e738ee38-057a-4eb2-95c3-a85385f39e9a;\e738ee38-057a-4eb2-95c3-a85385f39e9a.jpg;0;
902;e75b0079-7d36-40ce-880f-e3826725491d;\e75b0079-7d36-40ce-880f-e3826725491d.jpg;0;
903;e7c16c5a-1aa4-4867-9360-5bb7f7cc0551;\e7c16c5a-1aa4-4867-9360-5bb7f7cc0551.jpg;0/0;
904;e854e461-2a73-472c-b816-d09ea2464e34;\e854e461-2a73-472c-b816-d09ea2464e34.jpg;0;
905;e89840ef-25e1-4088-9c95-d7dc23d52924;\e89840ef-25e1-4088-9c95-d7dc23d52924.jpg;1;
906;e904108c-f0e6-440a-bc92-7dc5aa23fa4b;\e904108c-f0e6-440a-bc92-7dc5aa23fa4b.jpg;1;
907;e97aa3c9-3a2c-4e6a-8302-136eb23693ef;\e97aa3c9-3a2c-4e6a-8302-136eb23693ef.jpg;1;
908;e9d11e94-ed23-4251-bc16-d36f4dbc1122;\e9d11e94-ed23-4251-bc16-d36f4dbc1122.jpg;1;
909;e9fcbd5a-27d6-449c-9c65-ef97d470f67c;\e9fcbd5a-27d6-449c-9c65-ef97d470f67c.jpg;0;
910;eaa5af69-58aa-4ac4-b7f6-f509fa5adb83;\eaa5af69-58aa-4ac4-b7f6-f509fa5adb83.jpg;1;
911;eaffaea8-6776-4391-ac87-14d65f0349b0;\eaffaea8-6776-4391-ac87-14d65f0349b0.jpg;1;
912;ec5c3012-6a43-4334-9ba3-893994e14b99;\ec5c3012-6a43-4334-9ba3-893994e14b99.jpg;1;
913;ec6a401d-6ea1-43fa-bd19-58a3302ae5ec;\ec6a401d-6ea1-43fa-bd19-58a3302ae5ec.jpg;0;
914;ec6c99cb-b870-4811-bfe1-b31c92cad730;\ec6c99cb-b870-4811-bfe1-b31c92cad730.jpg;1;
915;ec8bac36-5936-4758-9239-255b27121224;\ec8bac36-5936-4758-9239-255b27121224.jpg;0/1;
916;ed53c463-126e-433f-9a24-1fadca77331c;\ed53c463-126e-433f-9a24-1fadca77331c.jpg;0;
917;edebf522-eaa8-4020-be27-b91df10ba71e;\edebf522-eaa8-4020-be27-b91df10ba71e.jpg;0;
918;edec7e89-a51d-4cb9-beb7-34844b257ab8;\edec7e89-a51d-4cb9-beb7-34844b257ab8.jpg;0;
919;ee183d6a-4e35-4152-897f-e2d02428f9bc;\ee183d6a-4e35-4152-897f-e2d02428f9bc.jpg;0;
920;ee2ff643-0bc6-438b-91e7-1f1e391e0633;\ee2ff643-0bc6-438b-91e7-1f1e391e0633.jpg;0;
921;ee43f2c7-6941-470a-afc8-8354a6340ca0;\ee43f2c7-6941-470a-afc8-8354a6340ca0.jpg;0;
922;ee697885-d5d5-45c0-9af2-2d644cd268f0;\ee697885-d5d5-45c0-9af2-2d644cd268f0.jpg;1;
923;ee941f35-9fae-421a-9c0d-e27e943d3516;\ee941f35-9fae-421a-9c0d-e27e943d3516.jpg;1;
924;ef2e9976-4b80-482a-9781-60ccb050e4e4;\ef2e9976-4b80-482a-9781-60ccb050e4e4.jpg;0;
925;efbb4727-1102-42fd-b4c4-030196674601;\efbb4727-1102-42fd-b4c4-030196674601.jpg;0;
926;efbe544a-9fee-444d-a076-dbfb1c998644;\efbe544a-9fee-444d-a076-dbfb1c998644.jpg;0;
927;efdd1356-566f-45d5-85dd-05dcb2ad9d28;\efdd1356-566f-45d5-85dd-05dcb2ad9d28.jpg;1;
928;f0303a1d-2faf-490b-b264-78dc210b5d0a;\f0303a1d-2faf-490b-b264-78dc210b5d0a.jpg;1;
929;f037b084-cdd1-43ec-9257-b99673539e19;\f037b084-cdd1-43ec-9257-b99673539e19.jpg;0;
930;f03c139c-8406-443c-adc3-31522c5920ed;\f03c139c-8406-443c-adc3-31522c5920ed.jpg;0;
931;f048a4c4-b02a-4587-a304-794ad165b70f;\f048a4c4-b02a-4587-a304-794ad165b70f.jpg;0;
932;f09daf6c-0f98-450a-ba13-5097b0ac4b26;\f09daf6c-0f98-450a-ba13-5097b0ac4b26.jpg;1;
933;f0a38a27-450c-40a8-b9fe-7bf013ab65c7;\f0a38a27-450c-40a8-b9fe-7bf013ab65c7.jpg;1;
934;f0fd3137-0482-46a4-b69a-4cb97fce2ad7;\f0fd3137-0482-46a4-b69a-4cb97fce2ad7.jpg;0;
935;f1419c21-3ec4-4453-a298-db352dc3f13f;\f1419c21-3ec4-4453-a298-db352dc3f13f.jpg;1;
936;f25b4a29-2cd8-4f31-976c-b019888de2a8;\f25b4a29-2cd8-4f31-976c-b019888de2a8.jpg;0;
937;f26073d4-e789-43c7-8800-1020e2556714;\f26073d4-e789-43c7-8800-1020e2556714.jpg;0;
938;f27939ba-44c6-4693-94f8-17f05f4b3765;\f27939ba-44c6-4693-94f8-17f05f4b3765.jpg;0;
939;f2e9715d-2485-4d0c-8a07-ed967e10fc88;\f2e9715d-2485-4d0c-8a07-ed967e10fc88.jpg;0;
940;f3336a0f-1e54-4bce-adf4-b97d3fa43f14;\f3336a0f-1e54-4bce-adf4-b97d3fa43f14.jpg;0;
941;f34b6072-8d7d-4c5e-bdbd-c2c28c8045c6;\f34b6072-8d7d-4c5e-bdbd-c2c28c8045c6.jpg;0;
942;f351ad39-1aa7-4167-bc20-a64d5213582c;\f351ad39-1aa7-4167-bc20-a64d5213582c.jpg;1;
943;f36809ab-77cf-4ed9-8d20-d16a3a96ef0e;\f36809ab-77cf-4ed9-8d20-d16a3a96ef0e.jpg;1/0;
944;f37870b1-97ef-4779-93a3-d8f329715a30;\f37870b1-97ef-4779-93a3-d8f329715a30.jpg;0;
945;f3cf4b88-4abf-4872-851c-d2ec59ffbd41;\f3cf4b88-4abf-4872-851c-d2ec59ffbd41.jpg;1;
946;f3d8b8c8-a97b-4990-88d6-48d6c6a07708;\f3d8b8c8-a97b-4990-88d6-48d6c6a07708.jpg;0;
947;f438c3bc-a3a9-4eb6-bf43-fe74e7870b7c;\f438c3bc-a3a9-4eb6-bf43-fe74e7870b7c.jpg;1;
948;f4eaf67f-3a06-4aea-9703-4bdd5b3c2efd;\f4eaf67f-3a06-4aea-9703-4bdd5b3c2efd.jpg;0;
949;f4f448e1-67b0-481d-b4fc-986e88dc3b89;\f4f448e1-67b0-481d-b4fc-986e88dc3b89.jpg;0;
950;f5535a90-35cf-4580-a7f9-585be9fee0f0;\f5535a90-35cf-4580-a7f9-585be9fee0f0.jpg;0;
951;f5782d36-a401-4628-b07d-705db078c2a2;\f5782d36-a401-4628-b07d-705db078c2a2.jpg;0;
952;f5ce06a7-1a97-48f6-bf6a-8eca44c10890;\f5ce06a7-1a97-48f6-bf6a-8eca44c10890.jpg;0/1;
953;f5d0e0c5-7232-4bc4-9625-198762c3c1e4;\f5d0e0c5-7232-4bc4-9625-198762c3c1e4.jpg;1;
954;f5d61936-3a4f-46fa-8475-68419531587d;\f5d61936-3a4f-46fa-8475-68419531587d.jpg;0;
955;f62d1642-3ab7-4e65-8031-32bc7964d98e;\f62d1642-3ab7-4e65-8031-32bc7964d98e.jpg;1;
956;f7387fc2-0e30-480c-afc3-312fccf70d6e;\f7387fc2-0e30-480c-afc3-312fccf70d6e.jpg;1;
957;f77c0c15-7dec-4cfe-bbb7-be272088d1a5;\f77c0c15-7dec-4cfe-bbb7-be272088d1a5.jpg;0;
958;f78ea0d4-2da2-4c7c-a51b-8e9b9cbd4d25;\f78ea0d4-2da2-4c7c-a51b-8e9b9cbd4d25.jpg;0;
959;f7b6cc86-21f8-4e8f-84e0-0cd6cc468774;\f7b6cc86-21f8-4e8f-84e0-0cd6cc468774.jpg;0;
960;f7bf6462-eaa6-48bd-9670-6b88aca08bc9;\f7bf6462-eaa6-48bd-9670-6b88aca08bc9.jpg;1;
961;f7ca8033-70eb-48f2-a38f-2eec04eebe0a;\f7ca8033-70eb-48f2-a38f-2eec04eebe0a.jpg;0;
962;f7f81891-77d2-4e41-b249-92abcd4ee39a;\f7f81891-77d2-4e41-b249-92abcd4ee39a.jpg;0;
963;f8288654-11a7-404b-b7d3-4e26e38fe78e;\f8288654-11a7-404b-b7d3-4e26e38fe78e.jpg;0;
964;f88018f8-f4f4-4273-89d1-2c629a52ce09;\f88018f8-f4f4-4273-89d1-2c629a52ce09.jpg;1;
965;f896a422-8981-4766-880f-8f7ff6f6c06c;\f896a422-8981-4766-880f-8f7ff6f6c06c.jpg;1;
966;f8c08272-02b2-4a69-9231-2e34d4ac7a24;\f8c08272-02b2-4a69-9231-2e34d4ac7a24.jpg;0;
967;f8e25cc7-0120-496a-89dd-ab879a8714a1;\f8e25cc7-0120-496a-89dd-ab879a8714a1.jpg;0/0/0;
968;f8f0c9ba-4648-4a5c-811b-2e96fb47fd1f;\f8f0c9ba-4648-4a5c-811b-2e96fb47fd1f.jpg;0;
969;f9078fda-b5f8-462a-b5b3-c5e6c735d0ab;\f9078fda-b5f8-462a-b5b3-c5e6c735d0ab.jpg;0;
970;f91dac10-8cb6-47d4-87cd-e2de972ec9f7;\f91dac10-8cb6-47d4-87cd-e2de972ec9f7.jpg;0;
971;f9a4f79d-ec18-4bf1-9eaa-ea46252ac011;\f9a4f79d-ec18-4bf1-9eaa-ea46252ac011.jpg;1;
972;f9f238be-038b-4fcf-aaff-971e3e0c4fc9;\f9f238be-038b-4fcf-aaff-971e3e0c4fc9.jpg;1;
973;f9fd2fd7-3692-42d1-8294-ef14b1347757;\f9fd2fd7-3692-42d1-8294-ef14b1347757.jpg;1;
974;f9fe6aae-a26d-4c63-afeb-e6740ceec7f0;\f9fe6aae-a26d-4c63-afeb-e6740ceec7f0.jpg;1;
975;fa50b224-fef8-4a99-96ba-d7c31e525aaf;\fa50b224-fef8-4a99-96ba-d7c31e525aaf.jpg;0;
976;fa754362-d115-4fe4-afb6-bb1d008157e8;\fa754362-d115-4fe4-afb6-bb1d008157e8.jpg;0;
977;faa77d1f-16d7-45f0-91f6-c616dcdaa459;\faa77d1f-16d7-45f0-91f6-c616dcdaa459.jpg;1;
978;fab160f7-c91e-4d97-acdb-3597c42f787e;\fab160f7-c91e-4d97-acdb-3597c42f787e.jpg;1/0;
979;fc8b178b-2ab5-4533-a2a6-28e0cce45814;\fc8b178b-2ab5-4533-a2a6-28e0cce45814.jpg;0;
980;fcccfaae-c683-4188-a070-14b3eeeee9a5;\fcccfaae-c683-4188-a070-14b3eeeee9a5.jpg;1;
981;fd0454f4-ae8b-417a-beaf-45a1002e13bb;\fd0454f4-ae8b-417a-beaf-45a1002e13bb.jpg;0;
982;fd384898-4b24-43b2-8bcb-1a631c0798a5;\fd384898-4b24-43b2-8bcb-1a631c0798a5.jpg;1;
983;fd69957a-1034-44f5-a01e-ee1e237bbc8e;\fd69957a-1034-44f5-a01e-ee1e237bbc8e.jpg;1;
984;fd8a6fa7-5c8d-4e48-82e1-44df55270cd0;\fd8a6fa7-5c8d-4e48-82e1-44df55270cd0.jpg;0;
985;fde467de-6027-45e6-9ff8-67820550314a;\fde467de-6027-45e6-9ff8-67820550314a.jpg;0;
986;feb9e70f-4182-4500-866d-9b95657e727c;\feb9e70f-4182-4500-866d-9b95657e727c.jpg;0/0/0;
987;fed67ed2-620a-4ebf-b61e-16ef3d9b93f7;\fed67ed2-620a-4ebf-b61e-16ef3d9b93f7.jpg;0;
988;ff14c77e-c3c2-46db-9341-30de4130ef8a;\ff14c77e-c3c2-46db-9341-30de4130ef8a.jpg;1;
989;ff662f3f-8c76-4d27-a73e-c43c4353f798;\ff662f3f-8c76-4d27-a73e-c43c4353f798.jpg;1;
990;ffa30e4a-c056-4a2d-8c63-d266810d0791;\ffa30e4a-c056-4a2d-8c63-d266810d0791.jpg;0;
